win_index,t_start,t_end,n_pkts,pkts_per_s,fc3,fc6,fc16,n_flows,top_flow_share,fc6_addr_entropy,fc6_addr_distinct,fc16_addr_entropy,fc16_addr_distinct,fc16_qty_mean,fc16_qty_std,fc16_qty_max,frame_len_mean,frame_len_std,run_id,scenario_id,y_multiclass,is_anomaly
1,5.0,10.0,68,13.6,68,0,0,4,0.3676470588235294,0.0,0,0.0,0,0.0,0.0,0.0,64.5,8.5,20260127-133137_baseline_seed12345,baseline,0,0
2,10.0,15.0,70,14.0,70,0,0,4,0.3571428571428571,0.0,0,0.0,0,0.0,0.0,0.0,64.5,8.5,20260127-133137_baseline_seed12345,baseline,0,0
3,15.0,20.0,80,16.0,76,4,0,4,0.325,0.0,1,0.0,0,0.0,0.0,0.0,63.625,8.481413502477048,20260127-133137_baseline_seed12345,baseline,0,0
4,20.0,25.0,76,15.2,72,4,0,4,0.3157894736842105,0.0,1,0.0,0,0.0,0.0,0.0,63.578947368421055,8.477932900205554,20260127-133137_baseline_seed12345,baseline,0,0
5,25.0,30.0,68,13.6,68,0,0,4,0.3529411764705882,0.0,0,0.0,0,0.0,0.0,0.0,64.5,8.5,20260127-133137_baseline_seed12345,baseline,0,0
6,30.0,35.0,68,13.6,68,0,0,4,0.3529411764705882,0.0,0,0.0,0,0.0,0.0,0.0,64.5,8.5,20260127-133137_baseline_seed12345,baseline,0,0
7,35.0,40.0,74,14.8,72,2,0,4,0.3243243243243243,0.0,1,0.0,0,0.0,0.0,0.0,64.02702702702703,8.501149322890425,20260127-133137_baseline_seed12345,baseline,0,0
8,40.0,45.0,78,15.6,74,4,0,4,0.3205128205128205,0.0,1,0.0,0,0.0,0.0,0.0,63.6025641025641,8.479749245793288,20260127-133137_baseline_seed12345,baseline,0,0
9,45.0,50.0,72,14.4,70,2,0,4,0.3333333333333333,0.0,1,0.0,0,0.0,0.0,0.0,64.01388888888889,8.50080560815587,20260127-133137_baseline_seed12345,baseline,0,0
10,50.0,55.0,70,14.0,70,0,0,4,0.3571428571428571,0.0,0,0.0,0,0.0,0.0,0.0,64.5,8.5,20260127-133137_baseline_seed12345,baseline,0,0
1,5.0,10.0,716,143.2,714,2,0,6,0.4497206703910614,0.0,1,0.0,0,0.0,0.0,0.0,64.07402234636872,8.512977016031375,20260127-133943_baseline_ro_scan,baseline_ro_scan,1,1
2,10.0,15.0,710,142.0,710,0,0,6,0.452112676056338,0.0,0,0.0,0,0.0,0.0,0.0,64.09436619718309,8.514170248522719,20260127-133943_baseline_ro_scan,baseline_ro_scan,1,1
3,15.0,20.0,718,143.6,712,6,0,6,0.447075208913649,0.0,1,0.0,0,0.0,0.0,0.0,63.977715877437326,8.51049192333874,20260127-133943_baseline_ro_scan,baseline_ro_scan,1,1
4,20.0,25.0,720,144.0,716,4,0,6,0.4458333333333333,0.0,1,0.0,0,0.0,0.0,0.0,64.02777777777777,8.511874421820304,20260127-133943_baseline_ro_scan,baseline_ro_scan,1,1
5,25.0,30.0,710,142.0,710,0,0,6,0.452112676056338,0.0,0,0.0,0,0.0,0.0,0.0,64.09436619718309,8.514170248522719,20260127-133943_baseline_ro_scan,baseline_ro_scan,1,1
6,30.0,35.0,715,143.0,713,2,0,6,0.4489510489510489,0.0,1,0.0,0,0.0,0.0,0.0,64.06153846153846,8.512376206564616,20260127-133943_baseline_ro_scan,baseline_ro_scan,1,1
7,35.0,40.0,709,141.8,709,0,0,6,0.4527503526093089,0.0,0,0.0,0,0.0,0.0,0.0,64.1311706629055,8.514386823118553,20260127-133943_baseline_ro_scan,baseline_ro_scan,1,1
8,40.0,45.0,720,144.0,716,4,0,6,0.4458333333333333,0.0,1,0.0,0,0.0,0.0,0.0,64.02777777777777,8.511874421820304,20260127-133943_baseline_ro_scan,baseline_ro_scan,1,1
9,45.0,50.0,708,141.6,708,0,0,6,0.4533898305084746,0.0,0,0.0,0,0.0,0.0,0.0,64.09322033898304,8.514182871444556,20260127-133943_baseline_ro_scan,baseline_ro_scan,1,1
10,50.0,55.0,710,142.0,708,2,0,6,0.4507042253521127,0.0,1,0.0,0,0.0,0.0,0.0,64.07042253521126,8.512995771440414,20260127-133943_baseline_ro_scan,baseline_ro_scan,1,1
11,55.0,60.0,708,141.6,708,0,0,6,0.4533898305084746,0.0,0,0.0,0,0.0,0.0,0.0,64.11864406779661,8.513866547296647,20260127-133943_baseline_ro_scan,baseline_ro_scan,1,1
1,5.0,10.0,172,34.4,76,96,0,6,0.2674418604651162,0.0,1,0.0,0,0.0,0.0,0.0,59.54651162790697,6.9225902141554325,20260127-134123_baseline_write_inj,baseline_write_inj,2,1
2,10.0,15.0,158,31.6,66,92,0,6,0.2911392405063291,0.0,1,0.0,0,0.0,0.0,0.0,59.550632911392405,6.910409931560363,20260127-134123_baseline_write_inj,baseline_write_inj,2,1
3,15.0,20.0,156,31.2,64,92,0,6,0.2948717948717949,0.0,1,0.0,0,0.0,0.0,0.0,59.48717948717949,6.864519685035944,20260127-134123_baseline_write_inj,baseline_write_inj,2,1
4,20.0,25.0,160,32.0,70,90,0,6,0.28125,0.0,1,0.0,0,0.0,0.0,0.0,59.71875,7.027776920015318,20260127-134123_baseline_write_inj,baseline_write_inj,2,1
5,25.0,30.0,160,32.0,68,92,0,6,0.2875,0.0,1,0.0,0,0.0,0.0,0.0,59.6125,6.954303973080278,20260127-134123_baseline_write_inj,baseline_write_inj,2,1
6,30.0,35.0,166,33.2,72,94,0,6,0.2771084337349397,0.0,1,0.0,0,0.0,0.0,0.0,59.57831325301205,6.9379704020313415,20260127-134123_baseline_write_inj,baseline_write_inj,2,1
7,35.0,40.0,172,34.4,74,98,0,6,0.2674418604651162,0.0,1,0.0,0,0.0,0.0,0.0,59.343023255813954,6.780084390942075,20260127-134123_baseline_write_inj,baseline_write_inj,2,1
8,40.0,45.0,158,31.6,66,92,0,6,0.2911392405063291,0.0,1,0.0,0,0.0,0.0,0.0,59.550632911392405,6.910409931560363,20260127-134123_baseline_write_inj,baseline_write_inj,2,1
9,45.0,50.0,158,31.6,66,92,0,6,0.2911392405063291,0.0,1,0.0,0,0.0,0.0,0.0,59.550632911392405,6.910409931560363,20260127-134123_baseline_write_inj,baseline_write_inj,2,1
10,50.0,55.0,166,33.2,72,94,0,6,0.2771084337349397,0.0,1,0.0,0,0.0,0.0,0.0,59.57831325301205,6.9379704020313415,20260127-134123_baseline_write_inj,baseline_write_inj,2,1
1,5.0,10.0,148,29.6,144,4,0,8,0.1756756756756756,0.0,1,0.0,0,0.0,0.0,0.0,64.02702702702703,8.501149322890424,20260127-134242_baseline_proxy_spoof,baseline_proxy_spoof,3,1
2,10.0,15.0,136,27.2,132,4,0,8,0.1544117647058823,0.0,1,0.0,0,0.0,0.0,0.0,63.98529411764706,8.499987278638956,20260127-134242_baseline_proxy_spoof,baseline_proxy_spoof,3,1
3,15.0,20.0,136,27.2,136,0,0,8,0.1838235294117647,0.0,0,0.0,0,0.0,0.0,0.0,64.5,8.5,20260127-134242_baseline_proxy_spoof,baseline_proxy_spoof,3,1
4,20.0,25.0,144,28.8,140,4,0,8,0.1666666666666666,0.0,1,0.0,0,0.0,0.0,0.0,64.01388888888889,8.500805608155865,20260127-134242_baseline_proxy_spoof,baseline_proxy_spoof,3,1
5,25.0,30.0,140,28.0,136,4,0,8,0.1642857142857142,0.0,1,0.0,0,0.0,0.0,0.0,64.0,8.500420157682964,20260127-134242_baseline_proxy_spoof,baseline_proxy_spoof,3,1
6,30.0,35.0,148,29.6,144,4,0,8,0.1689189189189189,0.0,1,0.0,0,0.0,0.0,0.0,64.02702702702703,8.501149322890425,20260127-134242_baseline_proxy_spoof,baseline_proxy_spoof,3,1
7,35.0,40.0,148,29.6,140,8,0,8,0.1554054054054054,0.0,1,0.0,0,0.0,0.0,0.0,63.554054054054056,8.475946717260259,20260127-134242_baseline_proxy_spoof,baseline_proxy_spoof,3,1
8,40.0,45.0,132,26.4,132,0,0,8,0.1742424242424242,0.0,0,0.0,0,0.0,0.0,0.0,64.5,8.5,20260127-134242_baseline_proxy_spoof,baseline_proxy_spoof,3,1
9,45.0,50.0,144,28.8,140,4,0,8,0.1666666666666666,0.0,1,0.0,0,0.0,0.0,0.0,64.01388888888889,8.500805608155865,20260127-134242_baseline_proxy_spoof,baseline_proxy_spoof,3,1
10,50.0,55.0,144,28.8,140,4,0,8,0.1736111111111111,0.0,1,0.0,0,0.0,0.0,0.0,64.01388888888889,8.500805608155865,20260127-134242_baseline_proxy_spoof,baseline_proxy_spoof,3,1
11,55.0,60.0,152,30.4,144,8,0,8,0.1578947368421052,0.0,1,0.0,0,0.0,0.0,0.0,63.578947368421055,8.47793290020555,20260127-134242_baseline_proxy_spoof,baseline_proxy_spoof,3,1
1,5.0,10.0,72,14.4,70,2,0,4,0.3194444444444444,0.0,1,0.0,0,0.0,0.0,0.0,64.01388888888889,8.50080560815587,20260128-125241_baseline_seed447606,baseline,0,0
2,10.0,15.0,68,13.6,68,0,0,4,0.3676470588235294,0.0,0,0.0,0,0.0,0.0,0.0,64.5,8.5,20260128-125241_baseline_seed447606,baseline,0,0
3,15.0,20.0,78,15.6,72,6,0,4,0.2948717948717949,0.0,1,0.0,0,0.0,0.0,0.0,63.15384615384615,8.433870850018561,20260128-125241_baseline_seed447606,baseline,0,0
4,20.0,25.0,78,15.6,74,4,0,4,0.3205128205128205,0.0,1,0.0,0,0.0,0.0,0.0,63.6025641025641,8.479749245793288,20260128-125241_baseline_seed447606,baseline,0,0
5,25.0,30.0,74,14.8,72,2,0,4,0.3378378378378378,0.0,1,0.0,0,0.0,0.0,0.0,64.02702702702703,8.501149322890425,20260128-125241_baseline_seed447606,baseline,0,0
6,30.0,35.0,66,13.2,66,0,0,4,0.3636363636363636,0.0,0,0.0,0,0.0,0.0,0.0,64.5,8.5,20260128-125241_baseline_seed447606,baseline,0,0
7,35.0,40.0,70,14.0,70,0,0,4,0.3571428571428571,0.0,0,0.0,0,0.0,0.0,0.0,64.5,8.5,20260128-125241_baseline_seed447606,baseline,0,0
8,40.0,45.0,74,14.8,72,2,0,4,0.3378378378378378,0.0,1,0.0,0,0.0,0.0,0.0,64.02702702702703,8.501149322890424,20260128-125241_baseline_seed447606,baseline,0,0
9,45.0,50.0,64,12.8,64,0,0,4,0.359375,0.0,0,0.0,0,0.0,0.0,0.0,64.5,8.5,20260128-125241_baseline_seed447606,baseline,0,0
10,50.0,55.0,70,14.0,70,0,0,4,0.3571428571428571,0.0,0,0.0,0,0.0,0.0,0.0,64.5,8.5,20260128-125241_baseline_seed447606,baseline,0,0
1,5.0,10.0,70,14.0,68,2,0,4,0.3428571428571428,0.0,1,0.0,0,0.0,0.0,0.0,64.0,8.500420157682964,20260128-125346_baseline_seed607719,baseline,0,0
2,10.0,15.0,76,15.2,72,4,0,4,0.3157894736842105,0.0,1,0.0,0,0.0,0.0,0.0,63.578947368421055,8.477932900205554,20260128-125346_baseline_seed607719,baseline,0,0
3,15.0,20.0,80,16.0,74,6,0,4,0.3,0.0,1,0.0,0,0.0,0.0,0.0,63.1875,8.43814812325548,20260128-125346_baseline_seed607719,baseline,0,0
4,20.0,25.0,82,16.4,76,6,0,4,0.3048780487804878,0.0,1,0.0,0,0.0,0.0,0.0,63.21951219512195,8.442090236838533,20260128-125346_baseline_seed607719,baseline,0,0
5,25.0,30.0,78,15.6,72,6,0,4,0.3076923076923077,0.0,1,0.0,0,0.0,0.0,0.0,63.15384615384615,8.433870850018561,20260128-125346_baseline_seed607719,baseline,0,0
6,30.0,35.0,72,14.4,70,2,0,4,0.3472222222222222,0.0,1,0.0,0,0.0,0.0,0.0,64.01388888888889,8.50080560815587,20260128-125346_baseline_seed607719,baseline,0,0
7,35.0,40.0,70,14.0,68,2,0,4,0.3285714285714285,0.0,1,0.0,0,0.0,0.0,0.0,64.0,8.500420157682964,20260128-125346_baseline_seed607719,baseline,0,0
8,40.0,45.0,74,14.8,70,4,0,4,0.3108108108108108,0.0,1,0.0,0,0.0,0.0,0.0,63.554054054054056,8.47594671726026,20260128-125346_baseline_seed607719,baseline,0,0
9,45.0,50.0,72,14.4,70,2,0,4,0.3333333333333333,0.0,1,0.0,0,0.0,0.0,0.0,64.01388888888889,8.50080560815587,20260128-125346_baseline_seed607719,baseline,0,0
10,50.0,55.0,72,14.4,70,2,0,4,0.3333333333333333,0.0,1,0.0,0,0.0,0.0,0.0,64.01388888888889,8.50080560815587,20260128-125346_baseline_seed607719,baseline,0,0
1,5.0,10.0,72,14.4,70,2,0,4,0.3333333333333333,0.0,1,0.0,0,0.0,0.0,0.0,64.01388888888889,8.50080560815587,20260128-125451_baseline_seed819727,baseline,0,0
2,10.0,15.0,76,15.2,72,4,0,4,0.3157894736842105,0.0,1,0.0,0,0.0,0.0,0.0,63.578947368421055,8.477932900205554,20260128-125451_baseline_seed819727,baseline,0,0
3,15.0,20.0,76,15.2,72,4,0,4,0.3157894736842105,0.0,1,0.0,0,0.0,0.0,0.0,63.578947368421055,8.477932900205554,20260128-125451_baseline_seed819727,baseline,0,0
4,20.0,25.0,78,15.6,74,4,0,4,0.3205128205128205,0.0,1,0.0,0,0.0,0.0,0.0,63.6025641025641,8.479749245793288,20260128-125451_baseline_seed819727,baseline,0,0
5,25.0,30.0,64,12.8,64,0,0,4,0.34375,0.0,0,0.0,0,0.0,0.0,0.0,64.5,8.5,20260128-125451_baseline_seed819727,baseline,0,0
6,30.0,35.0,68,13.6,68,0,0,4,0.3529411764705882,0.0,0,0.0,0,0.0,0.0,0.0,64.5,8.5,20260128-125451_baseline_seed819727,baseline,0,0
7,35.0,40.0,74,14.8,70,4,0,4,0.3243243243243243,0.0,1,0.0,0,0.0,0.0,0.0,63.554054054054056,8.47594671726026,20260128-125451_baseline_seed819727,baseline,0,0
8,40.0,45.0,70,14.0,70,0,0,4,0.3571428571428571,0.0,0,0.0,0,0.0,0.0,0.0,64.5,8.5,20260128-125451_baseline_seed819727,baseline,0,0
9,45.0,50.0,76,15.2,72,4,0,4,0.3157894736842105,0.0,1,0.0,0,0.0,0.0,0.0,63.578947368421055,8.477932900205554,20260128-125451_baseline_seed819727,baseline,0,0
10,50.0,55.0,72,14.4,70,2,0,4,0.3333333333333333,0.0,1,0.0,0,0.0,0.0,0.0,64.01388888888889,8.500805608155872,20260128-125451_baseline_seed819727,baseline,0,0
1,5.0,10.0,64,12.8,64,0,0,4,0.34375,0.0,0,0.0,0,0.0,0.0,0.0,64.5,8.5,20260128-125700_baseline_seed880804,baseline,0,0
2,10.0,15.0,68,13.6,68,0,0,4,0.3529411764705882,0.0,0,0.0,0,0.0,0.0,0.0,64.5,8.5,20260128-125700_baseline_seed880804,baseline,0,0
3,15.0,20.0,70,14.0,68,2,0,4,0.3285714285714285,0.0,1,0.0,0,0.0,0.0,0.0,64.0,8.500420157682964,20260128-125700_baseline_seed880804,baseline,0,0
4,20.0,25.0,74,14.8,72,2,0,4,0.3378378378378378,0.0,1,0.0,0,0.0,0.0,0.0,64.02702702702703,8.501149322890425,20260128-125700_baseline_seed880804,baseline,0,0
5,25.0,30.0,70,14.0,70,0,0,4,0.3571428571428571,0.0,0,0.0,0,0.0,0.0,0.0,64.5,8.5,20260128-125700_baseline_seed880804,baseline,0,0
6,30.0,35.0,72,14.4,70,2,0,4,0.3333333333333333,0.0,1,0.0,0,0.0,0.0,0.0,64.01388888888889,8.50080560815587,20260128-125700_baseline_seed880804,baseline,0,0
7,35.0,40.0,72,14.4,70,2,0,4,0.3333333333333333,0.0,1,0.0,0,0.0,0.0,0.0,64.01388888888889,8.50080560815587,20260128-125700_baseline_seed880804,baseline,0,0
8,40.0,45.0,82,16.4,76,6,0,4,0.3048780487804878,0.0,1,0.0,0,0.0,0.0,0.0,63.21951219512195,8.442090236838531,20260128-125700_baseline_seed880804,baseline,0,0
9,45.0,50.0,72,14.4,70,2,0,4,0.3333333333333333,0.0,1,0.0,0,0.0,0.0,0.0,64.01388888888889,8.50080560815587,20260128-125700_baseline_seed880804,baseline,0,0
10,50.0,55.0,76,15.2,72,4,0,4,0.3157894736842105,0.0,1,0.0,0,0.0,0.0,0.0,63.578947368421055,8.477932900205554,20260128-125700_baseline_seed880804,baseline,0,0
1,5.0,10.0,72,14.4,70,2,0,4,0.3333333333333333,0.0,1,0.0,0,0.0,0.0,0.0,64.01388888888889,8.50080560815587,20260128-125805_baseline_seed601677,baseline,0,0
2,10.0,15.0,68,13.6,68,0,0,4,0.3529411764705882,0.0,0,0.0,0,0.0,0.0,0.0,64.5,8.5,20260128-125805_baseline_seed601677,baseline,0,0
3,15.0,20.0,72,14.4,70,2,0,4,0.3333333333333333,0.0,1,0.0,0,0.0,0.0,0.0,64.01388888888889,8.500805608155872,20260128-125805_baseline_seed601677,baseline,0,0
4,20.0,25.0,76,15.2,72,4,0,4,0.3157894736842105,0.0,1,0.0,0,0.0,0.0,0.0,63.578947368421055,8.477932900205554,20260128-125805_baseline_seed601677,baseline,0,0
5,25.0,30.0,70,14.0,70,0,0,4,0.3571428571428571,0.0,0,0.0,0,0.0,0.0,0.0,64.5,8.5,20260128-125805_baseline_seed601677,baseline,0,0
6,30.0,35.0,72,14.4,70,2,0,4,0.3333333333333333,0.0,1,0.0,0,0.0,0.0,0.0,64.01388888888889,8.50080560815587,20260128-125805_baseline_seed601677,baseline,0,0
7,35.0,40.0,76,15.2,72,4,0,4,0.3157894736842105,0.0,1,0.0,0,0.0,0.0,0.0,63.578947368421055,8.477932900205554,20260128-125805_baseline_seed601677,baseline,0,0
8,40.0,45.0,66,13.2,66,0,0,4,0.3636363636363636,0.0,0,0.0,0,0.0,0.0,0.0,64.5,8.5,20260128-125805_baseline_seed601677,baseline,0,0
9,45.0,50.0,80,16.0,74,6,0,4,0.3,0.0,1,0.0,0,0.0,0.0,0.0,63.1875,8.43814812325548,20260128-125805_baseline_seed601677,baseline,0,0
10,50.0,55.0,72,14.4,70,2,0,4,0.3333333333333333,0.0,1,0.0,0,0.0,0.0,0.0,64.01388888888889,8.500805608155872,20260128-125805_baseline_seed601677,baseline,0,0
11,55.0,60.0,66,13.2,66,0,0,4,0.3484848484848485,0.0,0,0.0,0,0.0,0.0,0.0,64.5,8.5,20260128-125805_baseline_seed601677,baseline,0,0
1,5.0,10.0,70,14.0,70,0,0,4,0.3571428571428571,0.0,0,0.0,0,0.0,0.0,0.0,64.5,8.5,20260128-125910_baseline_seed528623,baseline,0,0
2,10.0,15.0,74,14.8,70,4,0,4,0.3243243243243243,0.0,1,0.0,0,0.0,0.0,0.0,63.554054054054056,8.475946717260259,20260128-125910_baseline_seed528623,baseline,0,0
3,15.0,20.0,70,14.0,70,0,0,4,0.3571428571428571,0.0,0,0.0,0,0.0,0.0,0.0,64.5,8.5,20260128-125910_baseline_seed528623,baseline,0,0
4,20.0,25.0,70,14.0,68,2,0,4,0.3285714285714285,0.0,1,0.0,0,0.0,0.0,0.0,64.0,8.500420157682964,20260128-125910_baseline_seed528623,baseline,0,0
5,25.0,30.0,68,13.6,66,2,0,4,0.3382352941176471,0.0,1,0.0,0,0.0,0.0,0.0,63.98529411764706,8.499987278638965,20260128-125910_baseline_seed528623,baseline,0,0
6,30.0,35.0,70,14.0,70,0,0,4,0.3571428571428571,0.0,0,0.0,0,0.0,0.0,0.0,64.5,8.5,20260128-125910_baseline_seed528623,baseline,0,0
7,35.0,40.0,72,14.4,70,2,0,4,0.3333333333333333,0.0,1,0.0,0,0.0,0.0,0.0,64.01388888888889,8.50080560815587,20260128-125910_baseline_seed528623,baseline,0,0
8,40.0,45.0,80,16.0,74,6,0,4,0.3,0.0,1,0.0,0,0.0,0.0,0.0,63.1875,8.43814812325548,20260128-125910_baseline_seed528623,baseline,0,0
9,45.0,50.0,72,14.4,70,2,0,4,0.3333333333333333,0.0,1,0.0,0,0.0,0.0,0.0,64.01388888888889,8.50080560815587,20260128-125910_baseline_seed528623,baseline,0,0
10,50.0,55.0,68,13.6,68,0,0,4,0.3529411764705882,0.0,0,0.0,0,0.0,0.0,0.0,64.5,8.5,20260128-125910_baseline_seed528623,baseline,0,0
1,5.0,10.0,76,15.2,72,4,0,4,0.3157894736842105,0.0,1,0.0,0,0.0,0.0,0.0,63.578947368421055,8.477932900205554,20260128-130119_baseline_seed665725,baseline,0,0
2,10.0,15.0,76,15.2,74,2,0,4,0.3421052631578947,0.0,1,0.0,0,0.0,0.0,0.0,64.03947368421052,8.501456205717265,20260128-130119_baseline_seed665725,baseline,0,0
3,15.0,20.0,68,13.6,68,0,0,4,0.3676470588235294,0.0,0,0.0,0,0.0,0.0,0.0,64.5,8.5,20260128-130119_baseline_seed665725,baseline,0,0
4,20.0,25.0,86,17.2,80,6,0,4,0.313953488372093,0.0,1,0.0,0,0.0,0.0,0.0,63.27906976744186,8.449096776814063,20260128-130119_baseline_seed665725,baseline,0,0
5,25.0,30.0,84,16.8,78,6,0,4,0.3095238095238095,0.0,1,0.0,0,0.0,0.0,0.0,63.25,8.445730113072353,20260128-130119_baseline_seed665725,baseline,0,0
6,30.0,35.0,76,15.2,74,2,0,4,0.3421052631578947,0.0,1,0.0,0,0.0,0.0,0.0,64.03947368421052,8.501456205717263,20260128-130119_baseline_seed665725,baseline,0,0
7,35.0,40.0,76,15.2,72,4,0,4,0.3157894736842105,0.0,1,0.0,0,0.0,0.0,0.0,63.578947368421055,8.477932900205554,20260128-130119_baseline_seed665725,baseline,0,0
8,40.0,45.0,74,14.8,72,2,0,4,0.3378378378378378,0.0,1,0.0,0,0.0,0.0,0.0,64.02702702702703,8.501149322890425,20260128-130119_baseline_seed665725,baseline,0,0
9,45.0,50.0,70,14.0,70,0,0,4,0.3571428571428571,0.0,0,0.0,0,0.0,0.0,0.0,64.5,8.5,20260128-130119_baseline_seed665725,baseline,0,0
10,50.0,55.0,80,16.0,74,6,0,4,0.3,0.0,1,0.0,0,0.0,0.0,0.0,63.1875,8.43814812325548,20260128-130119_baseline_seed665725,baseline,0,0
1,5.0,10.0,74,14.8,72,2,0,4,0.3513513513513513,0.0,1,0.0,0,0.0,0.0,0.0,64.02702702702703,8.501149322890425,20260128-130223_baseline_seed649619,baseline,0,0
2,10.0,15.0,74,14.8,72,2,0,4,0.3378378378378378,0.0,1,0.0,0,0.0,0.0,0.0,64.02702702702703,8.501149322890425,20260128-130223_baseline_seed649619,baseline,0,0
3,15.0,20.0,72,14.4,72,0,0,4,0.3611111111111111,0.0,0,0.0,0,0.0,0.0,0.0,64.5,8.5,20260128-130223_baseline_seed649619,baseline,0,0
4,20.0,25.0,74,14.8,72,2,0,4,0.3378378378378378,0.0,1,0.0,0,0.0,0.0,0.0,64.02702702702703,8.501149322890425,20260128-130223_baseline_seed649619,baseline,0,0
5,25.0,30.0,78,15.6,74,4,0,4,0.3205128205128205,0.0,1,0.0,0,0.0,0.0,0.0,63.6025641025641,8.479749245793288,20260128-130223_baseline_seed649619,baseline,0,0
6,30.0,35.0,66,13.2,66,0,0,4,0.3484848484848485,0.0,0,0.0,0,0.0,0.0,0.0,64.5,8.5,20260128-130223_baseline_seed649619,baseline,0,0
7,35.0,40.0,70,14.0,70,0,0,4,0.3571428571428571,0.0,0,0.0,0,0.0,0.0,0.0,64.5,8.5,20260128-130223_baseline_seed649619,baseline,0,0
8,40.0,45.0,72,14.4,70,2,0,4,0.3333333333333333,0.0,1,0.0,0,0.0,0.0,0.0,64.01388888888889,8.500805608155872,20260128-130223_baseline_seed649619,baseline,0,0
9,45.0,50.0,70,14.0,70,0,0,4,0.3571428571428571,0.0,0,0.0,0,0.0,0.0,0.0,64.5,8.5,20260128-130223_baseline_seed649619,baseline,0,0
10,50.0,55.0,78,15.6,74,4,0,4,0.3205128205128205,0.0,1,0.0,0,0.0,0.0,0.0,63.6025641025641,8.479749245793288,20260128-130223_baseline_seed649619,baseline,0,0
1,5.0,10.0,76,15.2,72,4,0,4,0.3157894736842105,0.0,1,0.0,0,0.0,0.0,0.0,63.578947368421055,8.477932900205554,20260128-130433_baseline_seed851358,baseline,0,0
2,10.0,15.0,70,14.0,70,0,0,4,0.3428571428571428,0.0,0,0.0,0,0.0,0.0,0.0,64.5,8.5,20260128-130433_baseline_seed851358,baseline,0,0
3,15.0,20.0,78,15.6,76,2,0,4,0.3461538461538461,0.0,1,0.0,0,0.0,0.0,0.0,64.05128205128206,8.501730496391161,20260128-130433_baseline_seed851358,baseline,0,0
4,20.0,25.0,78,15.6,74,4,0,4,0.3205128205128205,0.0,1,0.0,0,0.0,0.0,0.0,63.6025641025641,8.479749245793288,20260128-130433_baseline_seed851358,baseline,0,0
5,25.0,30.0,74,14.8,72,2,0,4,0.3378378378378378,0.0,1,0.0,0,0.0,0.0,0.0,64.02702702702703,8.501149322890425,20260128-130433_baseline_seed851358,baseline,0,0
6,30.0,35.0,68,13.6,68,0,0,4,0.3529411764705882,0.0,0,0.0,0,0.0,0.0,0.0,64.5,8.5,20260128-130433_baseline_seed851358,baseline,0,0
7,35.0,40.0,76,15.2,74,2,0,4,0.3421052631578947,0.0,1,0.0,0,0.0,0.0,0.0,64.03947368421052,8.501456205717263,20260128-130433_baseline_seed851358,baseline,0,0
8,40.0,45.0,74,14.8,72,2,0,4,0.3378378378378378,0.0,1,0.0,0,0.0,0.0,0.0,64.02702702702703,8.501149322890425,20260128-130433_baseline_seed851358,baseline,0,0
9,45.0,50.0,76,15.2,72,4,0,4,0.3157894736842105,0.0,1,0.0,0,0.0,0.0,0.0,63.578947368421055,8.477932900205554,20260128-130433_baseline_seed851358,baseline,0,0
10,50.0,55.0,74,14.8,72,2,0,4,0.3378378378378378,0.0,1,0.0,0,0.0,0.0,0.0,64.02702702702703,8.501149322890424,20260128-130433_baseline_seed851358,baseline,0,0
1,5.0,10.0,70,14.0,70,0,0,4,0.3714285714285714,0.0,0,0.0,0,0.0,0.0,0.0,64.5,8.5,20260128-130537_baseline_seed661396,baseline,0,0
2,10.0,15.0,74,14.8,70,4,0,4,0.3108108108108108,0.0,1,0.0,0,0.0,0.0,0.0,63.554054054054056,8.47594671726026,20260128-130537_baseline_seed661396,baseline,0,0
3,15.0,20.0,70,14.0,70,0,0,4,0.3571428571428571,0.0,0,0.0,0,0.0,0.0,0.0,64.5,8.5,20260128-130537_baseline_seed661396,baseline,0,0
4,20.0,25.0,78,15.6,76,2,0,4,0.3461538461538461,0.0,1,0.0,0,0.0,0.0,0.0,64.05128205128206,8.501730496391161,20260128-130537_baseline_seed661396,baseline,0,0
5,25.0,30.0,72,14.4,70,2,0,4,0.3333333333333333,0.0,1,0.0,0,0.0,0.0,0.0,64.01388888888889,8.50080560815587,20260128-130537_baseline_seed661396,baseline,0,0
6,30.0,35.0,70,14.0,70,0,0,4,0.3571428571428571,0.0,0,0.0,0,0.0,0.0,0.0,64.5,8.5,20260128-130537_baseline_seed661396,baseline,0,0
7,35.0,40.0,66,13.2,66,0,0,4,0.3636363636363636,0.0,0,0.0,0,0.0,0.0,0.0,64.5,8.5,20260128-130537_baseline_seed661396,baseline,0,0
8,40.0,45.0,78,15.6,74,4,0,4,0.3205128205128205,0.0,1,0.0,0,0.0,0.0,0.0,63.6025641025641,8.479749245793288,20260128-130537_baseline_seed661396,baseline,0,0
9,45.0,50.0,78,15.6,74,4,0,4,0.3205128205128205,0.0,1,0.0,0,0.0,0.0,0.0,63.6025641025641,8.479749245793288,20260128-130537_baseline_seed661396,baseline,0,0
10,50.0,55.0,76,15.2,72,4,0,4,0.3157894736842105,0.0,1,0.0,0,0.0,0.0,0.0,63.578947368421055,8.477932900205554,20260128-130537_baseline_seed661396,baseline,0,0
1,5.0,10.0,78,15.6,76,2,0,4,0.3333333333333333,0.0,1,0.0,0,0.0,0.0,0.0,64.05128205128206,8.501730496391161,20260128-130642_baseline_seed751898,baseline,0,0
2,10.0,15.0,70,14.0,68,2,0,4,0.3285714285714285,0.0,1,0.0,0,0.0,0.0,0.0,64.0,8.500420157682964,20260128-130642_baseline_seed751898,baseline,0,0
3,15.0,20.0,70,14.0,70,0,0,4,0.3571428571428571,0.0,0,0.0,0,0.0,0.0,0.0,64.5,8.5,20260128-130642_baseline_seed751898,baseline,0,0
4,20.0,25.0,78,15.6,74,4,0,4,0.3205128205128205,0.0,1,0.0,0,0.0,0.0,0.0,63.6025641025641,8.479749245793288,20260128-130642_baseline_seed751898,baseline,0,0
5,25.0,30.0,76,15.2,74,2,0,4,0.3421052631578947,0.0,1,0.0,0,0.0,0.0,0.0,64.03947368421052,8.501456205717265,20260128-130642_baseline_seed751898,baseline,0,0
6,30.0,35.0,70,14.0,70,0,0,4,0.3571428571428571,0.0,0,0.0,0,0.0,0.0,0.0,64.5,8.5,20260128-130642_baseline_seed751898,baseline,0,0
7,35.0,40.0,78,15.6,76,2,0,4,0.3333333333333333,0.0,1,0.0,0,0.0,0.0,0.0,64.05128205128206,8.501730496391161,20260128-130642_baseline_seed751898,baseline,0,0
8,40.0,45.0,76,15.2,72,4,0,4,0.3289473684210526,0.0,1,0.0,0,0.0,0.0,0.0,63.578947368421055,8.477932900205554,20260128-130642_baseline_seed751898,baseline,0,0
9,45.0,50.0,80,16.0,74,6,0,4,0.3,0.0,1,0.0,0,0.0,0.0,0.0,63.1875,8.43814812325548,20260128-130642_baseline_seed751898,baseline,0,0
10,50.0,55.0,74,14.8,74,0,0,4,0.3513513513513513,0.0,0,0.0,0,0.0,0.0,0.0,64.5,8.5,20260128-130642_baseline_seed751898,baseline,0,0
1,5.0,10.0,76,15.2,74,2,0,4,0.3421052631578947,0.0,1,0.0,0,0.0,0.0,0.0,64.03947368421052,8.501456205717265,20260128-130851_baseline_seed137562,baseline,0,0
2,10.0,15.0,72,14.4,70,2,0,4,0.3472222222222222,0.0,1,0.0,0,0.0,0.0,0.0,64.01388888888889,8.50080560815587,20260128-130851_baseline_seed137562,baseline,0,0
3,15.0,20.0,72,14.4,70,2,0,4,0.3333333333333333,0.0,1,0.0,0,0.0,0.0,0.0,64.01388888888889,8.50080560815587,20260128-130851_baseline_seed137562,baseline,0,0
4,20.0,25.0,78,15.6,74,4,0,4,0.3076923076923077,0.0,1,0.0,0,0.0,0.0,0.0,63.6025641025641,8.479749245793288,20260128-130851_baseline_seed137562,baseline,0,0
5,25.0,30.0,70,14.0,70,0,0,4,0.3571428571428571,0.0,0,0.0,0,0.0,0.0,0.0,64.5,8.5,20260128-130851_baseline_seed137562,baseline,0,0
6,30.0,35.0,74,14.8,72,2,0,4,0.3378378378378378,0.0,1,0.0,0,0.0,0.0,0.0,64.02702702702703,8.501149322890425,20260128-130851_baseline_seed137562,baseline,0,0
7,35.0,40.0,80,16.0,76,4,0,4,0.325,0.0,1,0.0,0,0.0,0.0,0.0,63.625,8.481413502477048,20260128-130851_baseline_seed137562,baseline,0,0
8,40.0,45.0,74,14.8,70,4,0,4,0.3243243243243243,0.0,1,0.0,0,0.0,0.0,0.0,63.554054054054056,8.475946717260259,20260128-130851_baseline_seed137562,baseline,0,0
9,45.0,50.0,84,16.8,78,6,0,4,0.3095238095238095,0.0,1,0.0,0,0.0,0.0,0.0,63.25,8.445730113072353,20260128-130851_baseline_seed137562,baseline,0,0
10,50.0,55.0,68,13.6,68,0,0,4,0.3529411764705882,0.0,0,0.0,0,0.0,0.0,0.0,64.5,8.5,20260128-130851_baseline_seed137562,baseline,0,0
11,55.0,60.0,66,13.2,66,0,0,4,0.3484848484848485,0.0,0,0.0,0,0.0,0.0,0.0,64.5,8.5,20260128-130851_baseline_seed137562,baseline,0,0
1,5.0,10.0,76,15.2,74,2,0,4,0.3289473684210526,0.0,1,0.0,0,0.0,0.0,0.0,64.03947368421052,8.501456205717265,20260128-130956_baseline_seed795739,baseline,0,0
2,10.0,15.0,70,14.0,70,0,0,4,0.3571428571428571,0.0,0,0.0,0,0.0,0.0,0.0,64.5,8.5,20260128-130956_baseline_seed795739,baseline,0,0
3,15.0,20.0,78,15.6,74,4,0,4,0.3205128205128205,0.0,1,0.0,0,0.0,0.0,0.0,63.6025641025641,8.479749245793288,20260128-130956_baseline_seed795739,baseline,0,0
4,20.0,25.0,74,14.8,72,2,0,4,0.3378378378378378,0.0,1,0.0,0,0.0,0.0,0.0,64.02702702702703,8.501149322890425,20260128-130956_baseline_seed795739,baseline,0,0
5,25.0,30.0,74,14.8,72,2,0,4,0.3378378378378378,0.0,1,0.0,0,0.0,0.0,0.0,64.02702702702703,8.501149322890425,20260128-130956_baseline_seed795739,baseline,0,0
6,30.0,35.0,80,16.0,74,6,0,4,0.3,0.0,1,0.0,0,0.0,0.0,0.0,63.1875,8.43814812325548,20260128-130956_baseline_seed795739,baseline,0,0
7,35.0,40.0,72,14.4,72,0,0,4,0.3611111111111111,0.0,0,0.0,0,0.0,0.0,0.0,64.5,8.5,20260128-130956_baseline_seed795739,baseline,0,0
8,40.0,45.0,84,16.8,78,6,0,4,0.2976190476190476,0.0,1,0.0,0,0.0,0.0,0.0,63.25,8.445730113072353,20260128-130956_baseline_seed795739,baseline,0,0
9,45.0,50.0,74,14.8,72,2,0,4,0.3378378378378378,0.0,1,0.0,0,0.0,0.0,0.0,64.02702702702703,8.501149322890425,20260128-130956_baseline_seed795739,baseline,0,0
10,50.0,55.0,74,14.8,72,2,0,4,0.3378378378378378,0.0,1,0.0,0,0.0,0.0,0.0,64.02702702702703,8.501149322890425,20260128-130956_baseline_seed795739,baseline,0,0
1,5.0,10.0,76,15.2,72,4,0,4,0.3289473684210526,0.0,1,0.0,0,0.0,0.0,0.0,63.578947368421055,8.477932900205554,20260128-131100_baseline_seed333354,baseline,0,0
2,10.0,15.0,70,14.0,70,0,0,4,0.3571428571428571,0.0,0,0.0,0,0.0,0.0,0.0,64.5,8.5,20260128-131100_baseline_seed333354,baseline,0,0
3,15.0,20.0,70,14.0,70,0,0,4,0.3571428571428571,0.0,0,0.0,0,0.0,0.0,0.0,64.5,8.5,20260128-131100_baseline_seed333354,baseline,0,0
4,20.0,25.0,68,13.6,68,0,0,4,0.3676470588235294,0.0,0,0.0,0,0.0,0.0,0.0,64.5,8.5,20260128-131100_baseline_seed333354,baseline,0,0
5,25.0,30.0,68,13.6,68,0,0,4,0.3529411764705882,0.0,0,0.0,0,0.0,0.0,0.0,64.5,8.5,20260128-131100_baseline_seed333354,baseline,0,0
6,30.0,35.0,80,16.0,74,6,0,4,0.3,0.0,1,0.0,0,0.0,0.0,0.0,63.1875,8.43814812325548,20260128-131100_baseline_seed333354,baseline,0,0
7,35.0,40.0,70,14.0,70,0,0,4,0.3571428571428571,0.0,0,0.0,0,0.0,0.0,0.0,64.5,8.5,20260128-131100_baseline_seed333354,baseline,0,0
8,40.0,45.0,70,14.0,70,0,0,4,0.3571428571428571,0.0,0,0.0,0,0.0,0.0,0.0,64.5,8.5,20260128-131100_baseline_seed333354,baseline,0,0
9,45.0,50.0,80,16.0,76,4,0,4,0.325,0.0,1,0.0,0,0.0,0.0,0.0,63.625,8.481413502477048,20260128-131100_baseline_seed333354,baseline,0,0
10,50.0,55.0,78,15.6,76,2,0,4,0.3333333333333333,0.0,1,0.0,0,0.0,0.0,0.0,64.05128205128206,8.501730496391161,20260128-131100_baseline_seed333354,baseline,0,0
1,5.0,10.0,82,16.4,76,6,0,4,0.3048780487804878,0.0,1,0.0,0,0.0,0.0,0.0,63.21951219512195,8.442090236838533,20260128-131309_baseline_seed450063,baseline,0,0
2,10.0,15.0,76,15.2,74,2,0,4,0.3421052631578947,0.0,1,0.0,0,0.0,0.0,0.0,64.03947368421052,8.501456205717265,20260128-131309_baseline_seed450063,baseline,0,0
3,15.0,20.0,74,14.8,72,2,0,4,0.3378378378378378,0.0,1,0.0,0,0.0,0.0,0.0,64.02702702702703,8.501149322890425,20260128-131309_baseline_seed450063,baseline,0,0
4,20.0,25.0,68,13.6,68,0,0,4,0.3676470588235294,0.0,0,0.0,0,0.0,0.0,0.0,64.5,8.5,20260128-131309_baseline_seed450063,baseline,0,0
5,25.0,30.0,72,14.4,70,2,0,4,0.3333333333333333,0.0,1,0.0,0,0.0,0.0,0.0,64.01388888888889,8.50080560815587,20260128-131309_baseline_seed450063,baseline,0,0
6,30.0,35.0,72,14.4,70,2,0,4,0.3333333333333333,0.0,1,0.0,0,0.0,0.0,0.0,64.01388888888889,8.500805608155872,20260128-131309_baseline_seed450063,baseline,0,0
7,35.0,40.0,68,13.6,68,0,0,4,0.3382352941176471,0.0,0,0.0,0,0.0,0.0,0.0,64.5,8.5,20260128-131309_baseline_seed450063,baseline,0,0
8,40.0,45.0,78,15.6,76,2,0,4,0.3461538461538461,0.0,1,0.0,0,0.0,0.0,0.0,64.05128205128206,8.501730496391161,20260128-131309_baseline_seed450063,baseline,0,0
9,45.0,50.0,78,15.6,74,4,0,4,0.3205128205128205,0.0,1,0.0,0,0.0,0.0,0.0,63.6025641025641,8.479749245793288,20260128-131309_baseline_seed450063,baseline,0,0
10,50.0,55.0,80,16.0,74,6,0,4,0.3,0.0,1,0.0,0,0.0,0.0,0.0,63.1875,8.43814812325548,20260128-131309_baseline_seed450063,baseline,0,0
1,5.0,10.0,712,142.4,710,2,0,6,0.4508426966292135,0.0,1,0.0,0,0.0,0.0,0.0,64.07162921348315,8.512989654127452,20260128-132021_baseline_ro_scan_seed581774,baseline_ro_scan,1,1
2,10.0,15.0,710,142.0,710,0,0,6,0.4507042253521127,0.0,0,0.0,0,0.0,0.0,0.0,64.09436619718309,8.514170248522719,20260128-132021_baseline_ro_scan_seed581774,baseline_ro_scan,1,1
3,15.0,20.0,714,142.8,712,2,0,6,0.4509803921568627,0.0,1,0.0,0,0.0,0.0,0.0,64.07282913165267,8.512983401474024,20260128-132021_baseline_ro_scan_seed581774,baseline_ro_scan,1,1
4,20.0,25.0,714,142.8,712,2,0,6,0.4481792717086835,0.0,1,0.0,0,0.0,0.0,0.0,64.07282913165267,8.512983401474024,20260128-132021_baseline_ro_scan_seed581774,baseline_ro_scan,1,1
5,25.0,30.0,710,142.0,710,0,0,6,0.4535211267605634,0.0,0,0.0,0,0.0,0.0,0.0,64.11971830985915,8.51385150952761,20260128-132021_baseline_ro_scan_seed581774,baseline_ro_scan,1,1
6,30.0,35.0,710,142.0,710,0,0,6,0.452112676056338,0.0,0,0.0,0,0.0,0.0,0.0,64.09436619718309,8.514170248522719,20260128-132021_baseline_ro_scan_seed581774,baseline_ro_scan,1,1
7,35.0,40.0,714,142.8,712,2,0,6,0.4495798319327731,0.0,1,0.0,0,0.0,0.0,0.0,64.07282913165267,8.512983401474024,20260128-132021_baseline_ro_scan_seed581774,baseline_ro_scan,1,1
8,40.0,45.0,710,142.0,710,0,0,6,0.452112676056338,0.0,0,0.0,0,0.0,0.0,0.0,64.11971830985915,8.51385150952761,20260128-132021_baseline_ro_scan_seed581774,baseline_ro_scan,1,1
9,45.0,50.0,710,142.0,710,0,0,6,0.452112676056338,0.0,0,0.0,0,0.0,0.0,0.0,64.09436619718309,8.514170248522719,20260128-132021_baseline_ro_scan_seed581774,baseline_ro_scan,1,1
10,50.0,55.0,714,142.8,710,4,0,6,0.4495798319327731,0.0,1,0.0,0,0.0,0.0,0.0,64.02380952380952,8.511863136761361,20260128-132021_baseline_ro_scan_seed581774,baseline_ro_scan,1,1
11,55.0,60.0,710,142.0,710,0,0,6,0.4507042253521127,0.0,0,0.0,0,0.0,0.0,0.0,64.11971830985915,8.51385150952761,20260128-132021_baseline_ro_scan_seed581774,baseline_ro_scan,1,1
1,5.0,10.0,714,142.8,712,2,0,6,0.4495798319327731,0.0,1,0.0,0,0.0,0.0,0.0,64.07282913165267,8.512983401474024,20260128-132231_baseline_ro_scan_seed211473,baseline_ro_scan,1,1
2,10.0,15.0,718,143.6,714,4,0,6,0.447075208913649,0.0,1,0.0,0,0.0,0.0,0.0,64.00139275766017,8.511911906251209,20260128-132231_baseline_ro_scan_seed211473,baseline_ro_scan,1,1
3,15.0,20.0,712,142.4,712,0,0,6,0.4522471910112359,0.0,0,0.0,0,0.0,0.0,0.0,64.12078651685393,8.513836421810486,20260128-132231_baseline_ro_scan_seed211473,baseline_ro_scan,1,1
4,20.0,25.0,722,144.4,718,4,0,6,0.4473684210526316,0.0,1,0.0,0,0.0,0.0,0.0,64.02908587257618,8.51187773639131,20260128-132231_baseline_ro_scan_seed211473,baseline_ro_scan,1,1
5,25.0,30.0,714,142.8,714,0,0,6,0.4495798319327731,0.0,0,0.0,0,0.0,0.0,0.0,64.09663865546219,8.514144758592652,20260128-132231_baseline_ro_scan_seed211473,baseline_ro_scan,1,1
6,30.0,35.0,714,142.8,710,4,0,6,0.4495798319327731,0.0,1,0.0,0,0.0,0.0,0.0,64.02380952380952,8.51186313676136,20260128-132231_baseline_ro_scan_seed211473,baseline_ro_scan,1,1
7,35.0,40.0,716,143.2,714,2,0,6,0.4497206703910614,0.0,1,0.0,0,0.0,0.0,0.0,64.07402234636872,8.512977016031375,20260128-132231_baseline_ro_scan_seed211473,baseline_ro_scan,1,1
8,40.0,45.0,704,140.8,704,0,0,6,0.4545454545454545,0.0,0,0.0,0,0.0,0.0,0.0,64.11647727272727,8.513896466655998,20260128-132231_baseline_ro_scan_seed211473,baseline_ro_scan,1,1
9,45.0,50.0,718,143.6,716,2,0,6,0.4484679665738161,0.0,1,0.0,0,0.0,0.0,0.0,64.05013927576601,8.513155065708734,20260128-132231_baseline_ro_scan_seed211473,baseline_ro_scan,1,1
10,50.0,55.0,706,141.2,706,0,0,6,0.4532577903682719,0.0,0,0.0,0,0.0,0.0,0.0,64.11756373937678,8.513881533541742,20260128-132231_baseline_ro_scan_seed211473,baseline_ro_scan,1,1
1,5.0,10.0,708,141.6,708,0,0,6,0.4533898305084746,0.0,0,0.0,0,0.0,0.0,0.0,64.11864406779661,8.513866547296647,20260128-132336_baseline_ro_scan_seed563361,baseline_ro_scan,1,1
2,10.0,15.0,720,144.0,716,4,0,6,0.4444444444444444,0.0,1,0.0,0,0.0,0.0,0.0,64.00277777777778,8.51191929365689,20260128-132336_baseline_ro_scan_seed563361,baseline_ro_scan,1,1
3,15.0,20.0,708,141.6,708,0,0,6,0.4519774011299435,0.0,0,0.0,0,0.0,0.0,0.0,64.11864406779661,8.513866547296647,20260128-132336_baseline_ro_scan_seed563361,baseline_ro_scan,1,1
4,20.0,25.0,714,142.8,712,2,0,6,0.4509803921568627,0.0,1,0.0,0,0.0,0.0,0.0,64.07282913165267,8.512983401474024,20260128-132336_baseline_ro_scan_seed563361,baseline_ro_scan,1,1
5,25.0,30.0,714,142.8,712,2,0,6,0.4495798319327731,0.0,1,0.0,0,0.0,0.0,0.0,64.07282913165267,8.512983401474024,20260128-132336_baseline_ro_scan_seed563361,baseline_ro_scan,1,1
6,30.0,35.0,712,142.4,712,0,0,6,0.4508426966292135,0.0,0,0.0,0,0.0,0.0,0.0,64.09550561797752,8.514157543582073,20260128-132336_baseline_ro_scan_seed563361,baseline_ro_scan,1,1
7,35.0,40.0,706,141.2,706,0,0,6,0.4532577903682719,0.0,0,0.0,0,0.0,0.0,0.0,64.11756373937678,8.513881533541742,20260128-132336_baseline_ro_scan_seed563361,baseline_ro_scan,1,1
8,40.0,45.0,718,143.6,714,4,0,6,0.447075208913649,0.0,1,0.0,0,0.0,0.0,0.0,64.02646239554318,8.511870886072984,20260128-132336_baseline_ro_scan_seed563361,baseline_ro_scan,1,1
9,45.0,50.0,722,144.4,718,4,0,6,0.445983379501385,0.0,1,0.0,0,0.0,0.0,0.0,64.00415512465374,8.511926416634278,20260128-132336_baseline_ro_scan_seed563361,baseline_ro_scan,1,1
10,50.0,55.0,708,141.6,708,0,0,6,0.4533898305084746,0.0,0,0.0,0,0.0,0.0,0.0,64.11864406779661,8.513866547296647,20260128-132336_baseline_ro_scan_seed563361,baseline_ro_scan,1,1
11,55.0,60.0,716,143.2,712,4,0,6,0.4483240223463687,0.0,1,0.0,0,0.0,0.0,0.0,64.02513966480447,8.511867125592063,20260128-132336_baseline_ro_scan_seed563361,baseline_ro_scan,1,1
1,5.0,10.0,710,142.0,710,0,0,6,0.452112676056338,0.0,0,0.0,0,0.0,0.0,0.0,64.11971830985915,8.51385150952761,20260128-132441_baseline_ro_scan_seed612057,baseline_ro_scan,1,1
2,10.0,15.0,720,144.0,720,0,0,6,0.4527777777777778,0.0,0,0.0,0,0.0,0.0,0.0,64.1,8.514105942493316,20260128-132441_baseline_ro_scan_seed612057,baseline_ro_scan,1,1
3,15.0,20.0,718,143.6,718,0,0,6,0.4512534818941504,0.0,0,0.0,0,0.0,0.0,0.0,64.12395543175488,8.51379087427792,20260128-132441_baseline_ro_scan_seed612057,baseline_ro_scan,1,1
4,20.0,25.0,712,142.4,712,0,0,6,0.4522471910112359,0.0,0,0.0,0,0.0,0.0,0.0,64.09550561797752,8.514157543582073,20260128-132441_baseline_ro_scan_seed612057,baseline_ro_scan,1,1
5,25.0,30.0,716,143.2,714,2,0,6,0.4497206703910614,0.0,1,0.0,0,0.0,0.0,0.0,64.07402234636872,8.512977016031375,20260128-132441_baseline_ro_scan_seed612057,baseline_ro_scan,1,1
6,30.0,35.0,724,144.8,722,2,0,6,0.4502762430939226,0.0,1,0.0,0,0.0,0.0,0.0,64.07872928176796,8.512950195860999,20260128-132441_baseline_ro_scan_seed612057,baseline_ro_scan,1,1
7,35.0,40.0,714,142.8,712,2,0,6,0.4523809523809524,0.0,1,0.0,0,0.0,0.0,0.0,64.04761904761905,8.51316174535018,20260128-132441_baseline_ro_scan_seed612057,baseline_ro_scan,1,1
8,40.0,45.0,720,144.0,718,2,0,6,0.4472222222222222,0.0,1,0.0,0,0.0,0.0,0.0,64.07638888888889,8.512963856762376,20260128-132441_baseline_ro_scan_seed612057,baseline_ro_scan,1,1
9,45.0,50.0,720,144.0,716,4,0,6,0.4458333333333333,0.0,1,0.0,0,0.0,0.0,0.0,64.02777777777777,8.511874421820304,20260128-132441_baseline_ro_scan_seed612057,baseline_ro_scan,1,1
10,50.0,55.0,714,142.8,712,2,0,6,0.4495798319327731,0.0,1,0.0,0,0.0,0.0,0.0,64.04761904761905,8.51316174535018,20260128-132441_baseline_ro_scan_seed612057,baseline_ro_scan,1,1
11,55.0,60.0,726,145.2,720,6,0,6,0.443526170798898,0.0,1,0.0,0,0.0,0.0,0.0,63.98347107438016,8.510551031556854,20260128-132441_baseline_ro_scan_seed612057,baseline_ro_scan,1,1
1,5.0,10.0,712,142.4,712,0,0,6,0.4508426966292135,0.0,0,0.0,0,0.0,0.0,0.0,64.12078651685393,8.513836421810486,20260128-132652_baseline_ro_scan_seed837777,baseline_ro_scan,1,1
2,10.0,15.0,712,142.4,712,0,0,6,0.4522471910112359,0.0,0,0.0,0,0.0,0.0,0.0,64.09550561797752,8.514157543582073,20260128-132652_baseline_ro_scan_seed837777,baseline_ro_scan,1,1
3,15.0,20.0,710,142.0,710,0,0,6,0.452112676056338,0.0,0,0.0,0,0.0,0.0,0.0,64.11971830985915,8.51385150952761,20260128-132652_baseline_ro_scan_seed837777,baseline_ro_scan,1,1
4,20.0,25.0,712,142.4,712,0,0,6,0.4522471910112359,0.0,0,0.0,0,0.0,0.0,0.0,64.12078651685393,8.513836421810486,20260128-132652_baseline_ro_scan_seed837777,baseline_ro_scan,1,1
5,25.0,30.0,712,142.4,710,2,0,6,0.4508426966292135,0.0,1,0.0,0,0.0,0.0,0.0,64.04634831460675,8.513164830381095,20260128-132652_baseline_ro_scan_seed837777,baseline_ro_scan,1,1
6,30.0,35.0,714,142.8,712,2,0,6,0.4509803921568627,0.0,1,0.0,0,0.0,0.0,0.0,64.07282913165267,8.512983401474024,20260128-132652_baseline_ro_scan_seed837777,baseline_ro_scan,1,1
7,35.0,40.0,708,141.6,708,0,0,6,0.4533898305084746,0.0,0,0.0,0,0.0,0.0,0.0,64.11864406779661,8.513866547296647,20260128-132652_baseline_ro_scan_seed837777,baseline_ro_scan,1,1
8,40.0,45.0,720,144.0,716,4,0,6,0.4472222222222222,0.0,1,0.0,0,0.0,0.0,0.0,64.00277777777778,8.51191929365689,20260128-132652_baseline_ro_scan_seed837777,baseline_ro_scan,1,1
9,45.0,50.0,708,141.6,708,0,0,6,0.4533898305084746,0.0,0,0.0,0,0.0,0.0,0.0,64.11864406779661,8.513866547296647,20260128-132652_baseline_ro_scan_seed837777,baseline_ro_scan,1,1
10,50.0,55.0,712,142.4,712,0,0,6,0.4522471910112359,0.0,0,0.0,0,0.0,0.0,0.0,64.12078651685393,8.513836421810486,20260128-132652_baseline_ro_scan_seed837777,baseline_ro_scan,1,1
11,55.0,60.0,714,142.8,712,2,0,6,0.4495798319327731,0.0,1,0.0,0,0.0,0.0,0.0,64.07282913165267,8.512983401474024,20260128-132652_baseline_ro_scan_seed837777,baseline_ro_scan,1,1
1,5.0,10.0,718,143.6,714,4,0,6,0.4484679665738161,0.0,1,0.0,0,0.0,0.0,0.0,64.02646239554318,8.511870886072984,20260128-132757_baseline_ro_scan_seed678183,baseline_ro_scan,1,1
2,10.0,15.0,716,143.2,714,2,0,6,0.4483240223463687,0.0,1,0.0,0,0.0,0.0,0.0,64.04888268156425,8.513158489461038,20260128-132757_baseline_ro_scan_seed678183,baseline_ro_scan,1,1
3,15.0,20.0,714,142.8,712,2,0,6,0.4495798319327731,0.0,1,0.0,0,0.0,0.0,0.0,64.07282913165267,8.512983401474024,20260128-132757_baseline_ro_scan_seed678183,baseline_ro_scan,1,1
4,20.0,25.0,714,142.8,714,0,0,6,0.4509803921568627,0.0,0,0.0,0,0.0,0.0,0.0,64.1218487394958,8.513821285690883,20260128-132757_baseline_ro_scan_seed678183,baseline_ro_scan,1,1
5,25.0,30.0,710,142.0,710,0,0,6,0.452112676056338,0.0,0,0.0,0,0.0,0.0,0.0,64.09436619718309,8.514170248522719,20260128-132757_baseline_ro_scan_seed678183,baseline_ro_scan,1,1
6,30.0,35.0,722,144.4,718,4,0,6,0.4473684210526316,0.0,1,0.0,0,0.0,0.0,0.0,64.02908587257618,8.51187773639131,20260128-132757_baseline_ro_scan_seed678183,baseline_ro_scan,1,1
7,35.0,40.0,718,143.6,714,4,0,6,0.447075208913649,0.0,1,0.0,0,0.0,0.0,0.0,64.02646239554318,8.511870886072984,20260128-132757_baseline_ro_scan_seed678183,baseline_ro_scan,1,1
8,40.0,45.0,712,142.4,712,0,0,6,0.4522471910112359,0.0,0,0.0,0,0.0,0.0,0.0,64.09550561797752,8.514157543582073,20260128-132757_baseline_ro_scan_seed678183,baseline_ro_scan,1,1
9,45.0,50.0,714,142.8,714,0,0,6,0.4509803921568627,0.0,0,0.0,0,0.0,0.0,0.0,64.1218487394958,8.513821285690883,20260128-132757_baseline_ro_scan_seed678183,baseline_ro_scan,1,1
10,50.0,55.0,718,143.6,716,2,0,6,0.447075208913649,0.0,1,0.0,0,0.0,0.0,0.0,64.07520891364902,8.512970500306283,20260128-132757_baseline_ro_scan_seed678183,baseline_ro_scan,1,1
11,55.0,60.0,708,141.6,708,0,0,6,0.4519774011299435,0.0,0,0.0,0,0.0,0.0,0.0,64.11864406779661,8.513866547296647,20260128-132757_baseline_ro_scan_seed678183,baseline_ro_scan,1,1
1,5.0,10.0,716,143.2,714,2,0,6,0.4497206703910614,0.0,1,0.0,0,0.0,0.0,0.0,64.07402234636872,8.512977016031375,20260128-132902_baseline_ro_scan_seed319538,baseline_ro_scan,1,1
2,10.0,15.0,716,143.2,716,0,0,6,0.4497206703910614,0.0,0,0.0,0,0.0,0.0,0.0,64.09776536312849,8.51413189548838,20260128-132902_baseline_ro_scan_seed319538,baseline_ro_scan,1,1
3,15.0,20.0,720,144.0,716,4,0,6,0.4486111111111111,0.0,1,0.0,0,0.0,0.0,0.0,64.02777777777777,8.511874421820304,20260128-132902_baseline_ro_scan_seed319538,baseline_ro_scan,1,1
4,20.0,25.0,708,141.6,708,0,0,6,0.4519774011299435,0.0,0,0.0,0,0.0,0.0,0.0,64.11864406779661,8.513866547296647,20260128-132902_baseline_ro_scan_seed319538,baseline_ro_scan,1,1
5,25.0,30.0,716,143.2,714,2,0,6,0.4497206703910614,0.0,1,0.0,0,0.0,0.0,0.0,64.04888268156425,8.513158489461038,20260128-132902_baseline_ro_scan_seed319538,baseline_ro_scan,1,1
6,30.0,35.0,720,144.0,716,4,0,6,0.4458333333333333,0.0,1,0.0,0,0.0,0.0,0.0,64.02777777777777,8.511874421820304,20260128-132902_baseline_ro_scan_seed319538,baseline_ro_scan,1,1
7,35.0,40.0,712,142.4,710,2,0,6,0.4522471910112359,0.0,1,0.0,0,0.0,0.0,0.0,64.07162921348315,8.512989654127452,20260128-132902_baseline_ro_scan_seed319538,baseline_ro_scan,1,1
8,40.0,45.0,728,145.6,722,6,0,6,0.4423076923076923,0.0,1,0.0,0,0.0,0.0,0.0,63.96016483516483,8.510485192666053,20260128-132902_baseline_ro_scan_seed319538,baseline_ro_scan,1,1
9,45.0,50.0,714,142.8,712,2,0,6,0.4495798319327731,0.0,1,0.0,0,0.0,0.0,0.0,64.07282913165267,8.512983401474024,20260128-132902_baseline_ro_scan_seed319538,baseline_ro_scan,1,1
10,50.0,55.0,708,141.6,708,0,0,6,0.4519774011299435,0.0,0,0.0,0,0.0,0.0,0.0,64.11864406779661,8.513866547296647,20260128-132902_baseline_ro_scan_seed319538,baseline_ro_scan,1,1
11,55.0,60.0,722,144.4,716,6,0,6,0.4445983379501385,0.0,1,0.0,0,0.0,0.0,0.0,63.95567867036011,8.510428808269618,20260128-132902_baseline_ro_scan_seed319538,baseline_ro_scan,1,1
1,5.0,10.0,162,32.4,70,92,0,6,0.2839506172839506,0.0,1,0.0,0,0.0,0.0,0.0,59.67283950617284,6.996322002797922,20260128-133200_baseline_write_inj_seed917403,baseline_write_inj,2,1
2,10.0,15.0,160,32.0,68,92,0,6,0.2875,0.0,1,0.0,0,0.0,0.0,0.0,59.6125,6.954303973080278,20260128-133200_baseline_write_inj_seed917403,baseline_write_inj,2,1
3,15.0,20.0,162,32.4,68,94,0,6,0.2839506172839506,0.0,1,0.0,0,0.0,0.0,0.0,59.45679012345679,6.850339061115735,20260128-133200_baseline_write_inj_seed917403,baseline_write_inj,2,1
4,20.0,25.0,170,34.0,74,96,0,6,0.2705882352941176,0.0,1,0.0,0,0.0,0.0,0.0,59.48823529411764,6.880696130389302,20260128-133200_baseline_write_inj_seed917403,baseline_write_inj,2,1
5,25.0,30.0,164,32.8,70,94,0,6,0.2804878048780488,0.0,1,0.0,0,0.0,0.0,0.0,59.51829268292683,6.895095960505589,20260128-133200_baseline_write_inj_seed917403,baseline_write_inj,2,1
6,30.0,35.0,160,32.0,68,92,0,6,0.2875,0.0,1,0.0,0,0.0,0.0,0.0,59.6125,6.954303973080278,20260128-133200_baseline_write_inj_seed917403,baseline_write_inj,2,1
7,35.0,40.0,160,32.0,68,92,0,6,0.2875,0.0,1,0.0,0,0.0,0.0,0.0,59.6125,6.954303973080278,20260128-133200_baseline_write_inj_seed917403,baseline_write_inj,2,1
8,40.0,45.0,158,31.6,68,90,0,6,0.2848101265822785,0.0,1,0.0,0,0.0,0.0,0.0,59.65822784810127,6.986218034752265,20260128-133200_baseline_write_inj_seed917403,baseline_write_inj,2,1
9,45.0,50.0,166,33.2,72,94,0,6,0.2771084337349397,0.0,1,0.0,0,0.0,0.0,0.0,59.57831325301205,6.9379704020313415,20260128-133200_baseline_write_inj_seed917403,baseline_write_inj,2,1
10,50.0,55.0,160,32.0,68,92,0,6,0.2875,0.0,1,0.0,0,0.0,0.0,0.0,59.6125,6.954303973080278,20260128-133200_baseline_write_inj_seed917403,baseline_write_inj,2,1
11,55.0,60.0,160,32.0,68,92,0,6,0.2875,0.0,1,0.0,0,0.0,0.0,0.0,59.6125,6.954303973080278,20260128-133200_baseline_write_inj_seed917403,baseline_write_inj,2,1
1,5.0,10.0,164,32.8,70,94,0,6,0.2804878048780488,0.0,1,0.0,0,0.0,0.0,0.0,59.51829268292683,6.89509596050559,20260128-133410_baseline_write_inj_seed485669,baseline_write_inj,2,1
2,10.0,15.0,174,34.8,74,100,0,6,0.2701149425287356,0.0,1,0.0,0,0.0,0.0,0.0,59.30459770114943,6.750417748605215,20260128-133410_baseline_write_inj_seed485669,baseline_write_inj,2,1
3,15.0,20.0,170,34.0,72,98,0,6,0.2705882352941176,0.0,1,0.0,0,0.0,0.0,0.0,59.28235294117647,6.7337809756758205,20260128-133410_baseline_write_inj_seed485669,baseline_write_inj,2,1
4,20.0,25.0,168,33.6,72,96,0,6,0.2678571428571428,0.0,1,0.0,0,0.0,0.0,0.0,59.32142857142857,6.764157488602124,20260128-133410_baseline_write_inj_seed485669,baseline_write_inj,2,1
5,25.0,30.0,174,34.8,76,98,0,6,0.264367816091954,0.0,1,0.0,0,0.0,0.0,0.0,59.40229885057471,6.824499089217772,20260128-133410_baseline_write_inj_seed485669,baseline_write_inj,2,1
6,30.0,35.0,168,33.6,72,96,0,6,0.2738095238095238,0.0,1,0.0,0,0.0,0.0,0.0,59.42857142857143,6.837024057233069,20260128-133410_baseline_write_inj_seed485669,baseline_write_inj,2,1
7,35.0,40.0,162,32.4,68,94,0,6,0.2839506172839506,0.0,1,0.0,0,0.0,0.0,0.0,59.45679012345679,6.850339061115736,20260128-133410_baseline_write_inj_seed485669,baseline_write_inj,2,1
8,40.0,45.0,172,34.4,74,98,0,6,0.2674418604651162,0.0,1,0.0,0,0.0,0.0,0.0,59.343023255813954,6.780084390942075,20260128-133410_baseline_write_inj_seed485669,baseline_write_inj,2,1
9,45.0,50.0,168,33.6,72,96,0,6,0.2738095238095238,0.0,1,0.0,0,0.0,0.0,0.0,59.42857142857143,6.8370240572330685,20260128-133410_baseline_write_inj_seed485669,baseline_write_inj,2,1
10,50.0,55.0,158,31.6,66,92,0,6,0.2911392405063291,0.0,1,0.0,0,0.0,0.0,0.0,59.550632911392405,6.910409931560363,20260128-133410_baseline_write_inj_seed485669,baseline_write_inj,2,1
1,5.0,10.0,162,32.4,68,94,0,6,0.2839506172839506,0.0,1,0.0,0,0.0,0.0,0.0,59.45679012345679,6.850339061115736,20260128-133515_baseline_write_inj_seed988336,baseline_write_inj,2,1
2,10.0,15.0,158,31.6,66,92,0,6,0.2911392405063291,0.0,1,0.0,0,0.0,0.0,0.0,59.550632911392405,6.910409931560363,20260128-133515_baseline_write_inj_seed988336,baseline_write_inj,2,1
3,15.0,20.0,162,32.4,68,94,0,6,0.2839506172839506,0.0,1,0.0,0,0.0,0.0,0.0,59.45679012345679,6.850339061115735,20260128-133515_baseline_write_inj_seed988336,baseline_write_inj,2,1
4,20.0,25.0,162,32.4,68,94,0,6,0.2839506172839506,0.0,1,0.0,0,0.0,0.0,0.0,59.45679012345679,6.850339061115735,20260128-133515_baseline_write_inj_seed988336,baseline_write_inj,2,1
5,25.0,30.0,164,32.8,70,94,0,6,0.2804878048780488,0.0,1,0.0,0,0.0,0.0,0.0,59.51829268292683,6.895095960505589,20260128-133515_baseline_write_inj_seed988336,baseline_write_inj,2,1
6,30.0,35.0,164,32.8,68,96,0,6,0.2804878048780488,0.0,1,0.0,0,0.0,0.0,0.0,59.30487804878049,6.743902439024397,20260128-133515_baseline_write_inj_seed988336,baseline_write_inj,2,1
7,35.0,40.0,170,34.0,74,96,0,6,0.2705882352941176,0.0,1,0.0,0,0.0,0.0,0.0,59.48823529411764,6.880696130389302,20260128-133515_baseline_write_inj_seed988336,baseline_write_inj,2,1
8,40.0,45.0,164,32.8,70,94,0,6,0.2804878048780488,0.0,1,0.0,0,0.0,0.0,0.0,59.51829268292683,6.89509596050559,20260128-133515_baseline_write_inj_seed988336,baseline_write_inj,2,1
9,45.0,50.0,164,32.8,70,94,0,6,0.2804878048780488,0.0,1,0.0,0,0.0,0.0,0.0,59.51829268292683,6.895095960505589,20260128-133515_baseline_write_inj_seed988336,baseline_write_inj,2,1
10,50.0,55.0,160,32.0,68,92,0,6,0.2875,0.0,1,0.0,0,0.0,0.0,0.0,59.6125,6.954303973080278,20260128-133515_baseline_write_inj_seed988336,baseline_write_inj,2,1
11,55.0,60.0,172,34.4,74,98,0,6,0.2674418604651162,0.0,1,0.0,0,0.0,0.0,0.0,59.343023255813954,6.780084390942075,20260128-133515_baseline_write_inj_seed988336,baseline_write_inj,2,1
1,5.0,10.0,160,32.0,66,94,0,6,0.2875,0.0,1,0.0,0,0.0,0.0,0.0,59.39375,6.803580743806896,20260128-133620_baseline_write_inj_seed256375,baseline_write_inj,2,1
2,10.0,15.0,164,32.8,70,94,0,6,0.2804878048780488,0.0,1,0.0,0,0.0,0.0,0.0,59.51829268292683,6.89509596050559,20260128-133620_baseline_write_inj_seed256375,baseline_write_inj,2,1
3,15.0,20.0,164,32.8,70,94,0,6,0.2804878048780488,0.0,1,0.0,0,0.0,0.0,0.0,59.51829268292683,6.895095960505589,20260128-133620_baseline_write_inj_seed256375,baseline_write_inj,2,1
4,20.0,25.0,158,31.6,66,92,0,6,0.2911392405063291,0.0,1,0.0,0,0.0,0.0,0.0,59.550632911392405,6.910409931560363,20260128-133620_baseline_write_inj_seed256375,baseline_write_inj,2,1
5,25.0,30.0,168,33.6,72,96,0,6,0.2738095238095238,0.0,1,0.0,0,0.0,0.0,0.0,59.42857142857143,6.837024057233069,20260128-133620_baseline_write_inj_seed256375,baseline_write_inj,2,1
6,30.0,35.0,158,31.6,66,92,0,6,0.2911392405063291,0.0,1,0.0,0,0.0,0.0,0.0,59.550632911392405,6.910409931560363,20260128-133620_baseline_write_inj_seed256375,baseline_write_inj,2,1
7,35.0,40.0,166,33.2,72,94,0,6,0.2771084337349397,0.0,1,0.0,0,0.0,0.0,0.0,59.57831325301205,6.9379704020313415,20260128-133620_baseline_write_inj_seed256375,baseline_write_inj,2,1
8,40.0,45.0,164,32.8,70,94,0,6,0.2804878048780488,0.0,1,0.0,0,0.0,0.0,0.0,59.51829268292683,6.89509596050559,20260128-133620_baseline_write_inj_seed256375,baseline_write_inj,2,1
9,45.0,50.0,166,33.2,72,94,0,6,0.2831325301204819,0.0,1,0.0,0,0.0,0.0,0.0,59.68674698795181,7.005897190368184,20260128-133620_baseline_write_inj_seed256375,baseline_write_inj,2,1
10,50.0,55.0,156,31.2,64,92,0,6,0.2948717948717949,0.0,1,0.0,0,0.0,0.0,0.0,59.48717948717949,6.864519685035944,20260128-133620_baseline_write_inj_seed256375,baseline_write_inj,2,1
11,55.0,60.0,172,34.4,74,98,0,6,0.2674418604651162,0.0,1,0.0,0,0.0,0.0,0.0,59.343023255813954,6.780084390942075,20260128-133620_baseline_write_inj_seed256375,baseline_write_inj,2,1
1,5.0,10.0,162,32.4,68,94,0,6,0.2901234567901234,0.0,1,0.0,0,0.0,0.0,0.0,59.5679012345679,6.922745247950646,20260128-133829_baseline_write_inj_seed453062,baseline_write_inj,2,1
2,10.0,15.0,158,31.6,66,92,0,6,0.2911392405063291,0.0,1,0.0,0,0.0,0.0,0.0,59.550632911392405,6.910409931560363,20260128-133829_baseline_write_inj_seed453062,baseline_write_inj,2,1
3,15.0,20.0,160,32.0,70,90,0,6,0.28125,0.0,1,0.0,0,0.0,0.0,0.0,59.71875,7.027776920015318,20260128-133829_baseline_write_inj_seed453062,baseline_write_inj,2,1
4,20.0,25.0,164,32.8,70,94,0,6,0.2804878048780488,0.0,1,0.0,0,0.0,0.0,0.0,59.51829268292683,6.895095960505589,20260128-133829_baseline_write_inj_seed453062,baseline_write_inj,2,1
5,25.0,30.0,160,32.0,68,92,0,6,0.2875,0.0,1,0.0,0,0.0,0.0,0.0,59.6125,6.954303973080278,20260128-133829_baseline_write_inj_seed453062,baseline_write_inj,2,1
6,30.0,35.0,160,32.0,68,92,0,6,0.2875,0.0,1,0.0,0,0.0,0.0,0.0,59.6125,6.954303973080278,20260128-133829_baseline_write_inj_seed453062,baseline_write_inj,2,1
7,35.0,40.0,166,33.2,72,94,0,6,0.2771084337349397,0.0,1,0.0,0,0.0,0.0,0.0,59.57831325301205,6.9379704020313415,20260128-133829_baseline_write_inj_seed453062,baseline_write_inj,2,1
8,40.0,45.0,158,31.6,66,92,0,6,0.2911392405063291,0.0,1,0.0,0,0.0,0.0,0.0,59.550632911392405,6.910409931560363,20260128-133829_baseline_write_inj_seed453062,baseline_write_inj,2,1
9,45.0,50.0,164,32.8,70,94,0,6,0.2804878048780488,0.0,1,0.0,0,0.0,0.0,0.0,59.51829268292683,6.89509596050559,20260128-133829_baseline_write_inj_seed453062,baseline_write_inj,2,1
10,50.0,55.0,162,32.4,68,94,0,6,0.2839506172839506,0.0,1,0.0,0,0.0,0.0,0.0,59.45679012345679,6.850339061115735,20260128-133829_baseline_write_inj_seed453062,baseline_write_inj,2,1
1,5.0,10.0,166,33.2,70,96,0,6,0.2771084337349397,0.0,1,0.0,0,0.0,0.0,0.0,59.36746987951807,6.791465381802762,20260128-133934_baseline_write_inj_seed902109,baseline_write_inj,2,1
2,10.0,15.0,162,32.4,68,94,0,6,0.2839506172839506,0.0,1,0.0,0,0.0,0.0,0.0,59.45679012345679,6.850339061115735,20260128-133934_baseline_write_inj_seed902109,baseline_write_inj,2,1
3,15.0,20.0,170,34.0,74,96,0,6,0.2705882352941176,0.0,1,0.0,0,0.0,0.0,0.0,59.48823529411764,6.880696130389302,20260128-133934_baseline_write_inj_seed902109,baseline_write_inj,2,1
4,20.0,25.0,168,33.6,72,96,0,6,0.2738095238095238,0.0,1,0.0,0,0.0,0.0,0.0,59.42857142857143,6.837024057233069,20260128-133934_baseline_write_inj_seed902109,baseline_write_inj,2,1
5,25.0,30.0,160,32.0,68,92,0,6,0.2875,0.0,1,0.0,0,0.0,0.0,0.0,59.6125,6.954303973080278,20260128-133934_baseline_write_inj_seed902109,baseline_write_inj,2,1
6,30.0,35.0,164,32.8,70,94,0,6,0.2804878048780488,0.0,1,0.0,0,0.0,0.0,0.0,59.51829268292683,6.89509596050559,20260128-133934_baseline_write_inj_seed902109,baseline_write_inj,2,1
7,35.0,40.0,162,32.4,70,92,0,6,0.2839506172839506,0.0,1,0.0,0,0.0,0.0,0.0,59.67283950617284,6.996322002797922,20260128-133934_baseline_write_inj_seed902109,baseline_write_inj,2,1
8,40.0,45.0,160,32.0,68,92,0,6,0.28125,0.0,1,0.0,0,0.0,0.0,0.0,59.5,6.882041848172677,20260128-133934_baseline_write_inj_seed902109,baseline_write_inj,2,1
9,45.0,50.0,156,31.2,64,92,0,6,0.2948717948717949,0.0,1,0.0,0,0.0,0.0,0.0,59.48717948717949,6.864519685035944,20260128-133934_baseline_write_inj_seed902109,baseline_write_inj,2,1
10,50.0,55.0,166,33.2,70,96,0,6,0.2771084337349397,0.0,1,0.0,0,0.0,0.0,0.0,59.36746987951807,6.791465381802762,20260128-133934_baseline_write_inj_seed902109,baseline_write_inj,2,1
11,55.0,60.0,164,32.8,70,94,0,6,0.2804878048780488,0.0,1,0.0,0,0.0,0.0,0.0,59.51829268292683,6.895095960505589,20260128-133934_baseline_write_inj_seed902109,baseline_write_inj,2,1
1,5.0,10.0,162,32.4,70,92,0,6,0.2839506172839506,0.0,1,0.0,0,0.0,0.0,0.0,59.67283950617284,6.996322002797922,20260128-134039_baseline_write_inj_seed623895,baseline_write_inj,2,1
2,10.0,15.0,156,31.2,64,92,0,6,0.2948717948717949,0.0,1,0.0,0,0.0,0.0,0.0,59.48717948717949,6.864519685035944,20260128-134039_baseline_write_inj_seed623895,baseline_write_inj,2,1
3,15.0,20.0,166,33.2,72,94,0,6,0.2771084337349397,0.0,1,0.0,0,0.0,0.0,0.0,59.57831325301205,6.9379704020313415,20260128-134039_baseline_write_inj_seed623895,baseline_write_inj,2,1
4,20.0,25.0,166,33.2,72,94,0,6,0.2771084337349397,0.0,1,0.0,0,0.0,0.0,0.0,59.57831325301205,6.9379704020313415,20260128-134039_baseline_write_inj_seed623895,baseline_write_inj,2,1
5,25.0,30.0,162,32.4,70,92,0,6,0.2777777777777778,0.0,1,0.0,0,0.0,0.0,0.0,59.56172839506173,6.926368793745505,20260128-134039_baseline_write_inj_seed623895,baseline_write_inj,2,1
6,30.0,35.0,158,31.6,66,92,0,6,0.2911392405063291,0.0,1,0.0,0,0.0,0.0,0.0,59.550632911392405,6.910409931560363,20260128-134039_baseline_write_inj_seed623895,baseline_write_inj,2,1
7,35.0,40.0,164,32.8,70,94,0,6,0.2804878048780488,0.0,1,0.0,0,0.0,0.0,0.0,59.51829268292683,6.895095960505589,20260128-134039_baseline_write_inj_seed623895,baseline_write_inj,2,1
8,40.0,45.0,168,33.6,72,96,0,6,0.2738095238095238,0.0,1,0.0,0,0.0,0.0,0.0,59.42857142857143,6.837024057233069,20260128-134039_baseline_write_inj_seed623895,baseline_write_inj,2,1
9,45.0,50.0,158,31.6,66,92,0,6,0.2911392405063291,0.0,1,0.0,0,0.0,0.0,0.0,59.550632911392405,6.910409931560363,20260128-134039_baseline_write_inj_seed623895,baseline_write_inj,2,1
10,50.0,55.0,164,32.8,70,94,0,6,0.2804878048780488,0.0,1,0.0,0,0.0,0.0,0.0,59.51829268292683,6.89509596050559,20260128-134039_baseline_write_inj_seed623895,baseline_write_inj,2,1
1,5.0,10.0,140,28.0,140,0,0,8,0.1785714285714285,0.0,0,0.0,0,0.0,0.0,0.0,64.5,8.5,20260128-134440_baseline_proxy_spoof_seed451733,baseline_proxy_spoof,3,1
2,10.0,15.0,144,28.8,140,4,0,8,0.1736111111111111,0.0,1,0.0,0,0.0,0.0,0.0,64.01388888888889,8.500805608155865,20260128-134440_baseline_proxy_spoof_seed451733,baseline_proxy_spoof,3,1
3,15.0,20.0,148,29.6,144,4,0,8,0.1689189189189189,0.0,1,0.0,0,0.0,0.0,0.0,64.02702702702703,8.501149322890425,20260128-134440_baseline_proxy_spoof_seed451733,baseline_proxy_spoof,3,1
4,20.0,25.0,136,27.2,136,0,0,8,0.1764705882352941,0.0,0,0.0,0,0.0,0.0,0.0,64.5,8.5,20260128-134440_baseline_proxy_spoof_seed451733,baseline_proxy_spoof,3,1
5,25.0,30.0,132,26.4,132,0,0,8,0.1742424242424242,0.0,0,0.0,0,0.0,0.0,0.0,64.5,8.5,20260128-134440_baseline_proxy_spoof_seed451733,baseline_proxy_spoof,3,1
6,30.0,35.0,144,28.8,140,4,0,8,0.1666666666666666,0.0,1,0.0,0,0.0,0.0,0.0,64.01388888888889,8.500805608155865,20260128-134440_baseline_proxy_spoof_seed451733,baseline_proxy_spoof,3,1
7,35.0,40.0,148,29.6,140,8,0,8,0.1554054054054054,0.0,1,0.0,0,0.0,0.0,0.0,63.554054054054056,8.475946717260255,20260128-134440_baseline_proxy_spoof_seed451733,baseline_proxy_spoof,3,1
8,40.0,45.0,132,26.4,132,0,0,8,0.1742424242424242,0.0,0,0.0,0,0.0,0.0,0.0,64.5,8.5,20260128-134440_baseline_proxy_spoof_seed451733,baseline_proxy_spoof,3,1
9,45.0,50.0,148,29.6,144,4,0,8,0.1689189189189189,0.0,1,0.0,0,0.0,0.0,0.0,64.02702702702703,8.501149322890425,20260128-134440_baseline_proxy_spoof_seed451733,baseline_proxy_spoof,3,1
10,50.0,55.0,132,26.4,132,0,0,8,0.1742424242424242,0.0,0,0.0,0,0.0,0.0,0.0,64.5,8.5,20260128-134440_baseline_proxy_spoof_seed451733,baseline_proxy_spoof,3,1
1,5.0,10.0,152,30.4,144,8,0,8,0.1578947368421052,0.0,1,0.0,0,0.0,0.0,0.0,63.578947368421055,8.47793290020555,20260128-134651_baseline_proxy_spoof_seed211158,baseline_proxy_spoof,3,1
2,10.0,15.0,140,28.0,140,0,0,8,0.1857142857142857,0.0,0,0.0,0,0.0,0.0,0.0,64.5,8.5,20260128-134651_baseline_proxy_spoof_seed211158,baseline_proxy_spoof,3,1
3,15.0,20.0,144,28.8,140,4,0,8,0.1666666666666666,0.0,1,0.0,0,0.0,0.0,0.0,64.01388888888889,8.500805608155865,20260128-134651_baseline_proxy_spoof_seed211158,baseline_proxy_spoof,3,1
4,20.0,25.0,144,28.8,140,4,0,8,0.1666666666666666,0.0,1,0.0,0,0.0,0.0,0.0,64.01388888888889,8.500805608155865,20260128-134651_baseline_proxy_spoof_seed211158,baseline_proxy_spoof,3,1
5,25.0,30.0,148,29.6,144,4,0,8,0.1689189189189189,0.0,1,0.0,0,0.0,0.0,0.0,64.02702702702703,8.501149322890425,20260128-134651_baseline_proxy_spoof_seed211158,baseline_proxy_spoof,3,1
6,30.0,35.0,140,28.0,136,4,0,8,0.1714285714285714,0.0,1,0.0,0,0.0,0.0,0.0,64.0,8.500420157682964,20260128-134651_baseline_proxy_spoof_seed211158,baseline_proxy_spoof,3,1
7,35.0,40.0,144,28.8,140,4,0,8,0.1666666666666666,0.0,1,0.0,0,0.0,0.0,0.0,64.01388888888889,8.500805608155865,20260128-134651_baseline_proxy_spoof_seed211158,baseline_proxy_spoof,3,1
8,40.0,45.0,140,28.0,140,0,0,8,0.1785714285714285,0.0,0,0.0,0,0.0,0.0,0.0,64.5,8.5,20260128-134651_baseline_proxy_spoof_seed211158,baseline_proxy_spoof,3,1
9,45.0,50.0,136,27.2,136,0,0,8,0.1764705882352941,0.0,0,0.0,0,0.0,0.0,0.0,64.5,8.5,20260128-134651_baseline_proxy_spoof_seed211158,baseline_proxy_spoof,3,1
10,50.0,55.0,128,25.6,128,0,0,8,0.1796875,0.0,0,0.0,0,0.0,0.0,0.0,64.5,8.5,20260128-134651_baseline_proxy_spoof_seed211158,baseline_proxy_spoof,3,1
1,5.0,10.0,136,27.2,136,0,0,8,0.1764705882352941,0.0,0,0.0,0,0.0,0.0,0.0,64.5,8.5,20260128-134756_baseline_proxy_spoof_seed206048,baseline_proxy_spoof,3,1
2,10.0,15.0,152,30.4,144,8,0,8,0.1578947368421052,0.0,1,0.0,0,0.0,0.0,0.0,63.578947368421055,8.477932900205548,20260128-134756_baseline_proxy_spoof_seed206048,baseline_proxy_spoof,3,1
3,15.0,20.0,152,30.4,144,8,0,8,0.1578947368421052,0.0,1,0.0,0,0.0,0.0,0.0,63.578947368421055,8.47793290020555,20260128-134756_baseline_proxy_spoof_seed206048,baseline_proxy_spoof,3,1
4,20.0,25.0,136,27.2,132,4,0,8,0.1691176470588235,0.0,1,0.0,0,0.0,0.0,0.0,63.98529411764706,8.499987278638958,20260128-134756_baseline_proxy_spoof_seed206048,baseline_proxy_spoof,3,1
5,25.0,30.0,136,27.2,136,0,0,8,0.1764705882352941,0.0,0,0.0,0,0.0,0.0,0.0,64.5,8.5,20260128-134756_baseline_proxy_spoof_seed206048,baseline_proxy_spoof,3,1
6,30.0,35.0,140,28.0,136,4,0,8,0.1642857142857142,0.0,1,0.0,0,0.0,0.0,0.0,64.0,8.500420157682964,20260128-134756_baseline_proxy_spoof_seed206048,baseline_proxy_spoof,3,1
7,35.0,40.0,148,29.6,144,4,0,8,0.1689189189189189,0.0,1,0.0,0,0.0,0.0,0.0,64.02702702702703,8.501149322890425,20260128-134756_baseline_proxy_spoof_seed206048,baseline_proxy_spoof,3,1
8,40.0,45.0,128,25.6,128,0,0,8,0.1796875,0.0,0,0.0,0,0.0,0.0,0.0,64.5,8.5,20260128-134756_baseline_proxy_spoof_seed206048,baseline_proxy_spoof,3,1
9,45.0,50.0,144,28.8,140,4,0,8,0.1666666666666666,0.0,1,0.0,0,0.0,0.0,0.0,64.01388888888889,8.500805608155865,20260128-134756_baseline_proxy_spoof_seed206048,baseline_proxy_spoof,3,1
10,50.0,55.0,132,26.4,132,0,0,8,0.1742424242424242,0.0,0,0.0,0,0.0,0.0,0.0,64.5,8.5,20260128-134756_baseline_proxy_spoof_seed206048,baseline_proxy_spoof,3,1
1,5.0,10.0,140,28.0,140,0,0,8,0.1714285714285714,0.0,0,0.0,0,0.0,0.0,0.0,64.5,8.5,20260128-134901_baseline_proxy_spoof_seed598856,baseline_proxy_spoof,3,1
2,10.0,15.0,140,28.0,136,4,0,8,0.1714285714285714,0.0,1,0.0,0,0.0,0.0,0.0,64.0,8.500420157682964,20260128-134901_baseline_proxy_spoof_seed598856,baseline_proxy_spoof,3,1
3,15.0,20.0,136,27.2,136,0,0,8,0.1764705882352941,0.0,0,0.0,0,0.0,0.0,0.0,64.5,8.5,20260128-134901_baseline_proxy_spoof_seed598856,baseline_proxy_spoof,3,1
4,20.0,25.0,140,28.0,136,4,0,8,0.1714285714285714,0.0,1,0.0,0,0.0,0.0,0.0,64.0,8.500420157682964,20260128-134901_baseline_proxy_spoof_seed598856,baseline_proxy_spoof,3,1
5,25.0,30.0,148,29.6,144,4,0,8,0.1689189189189189,0.0,1,0.0,0,0.0,0.0,0.0,64.02702702702703,8.501149322890425,20260128-134901_baseline_proxy_spoof_seed598856,baseline_proxy_spoof,3,1
6,30.0,35.0,148,29.6,144,4,0,8,0.1689189189189189,0.0,1,0.0,0,0.0,0.0,0.0,64.02702702702703,8.501149322890425,20260128-134901_baseline_proxy_spoof_seed598856,baseline_proxy_spoof,3,1
7,35.0,40.0,140,28.0,140,0,0,8,0.1857142857142857,0.0,0,0.0,0,0.0,0.0,0.0,64.5,8.5,20260128-134901_baseline_proxy_spoof_seed598856,baseline_proxy_spoof,3,1
8,40.0,45.0,140,28.0,136,4,0,8,0.1642857142857142,0.0,1,0.0,0,0.0,0.0,0.0,64.0,8.500420157682964,20260128-134901_baseline_proxy_spoof_seed598856,baseline_proxy_spoof,3,1
9,45.0,50.0,148,29.6,144,4,0,8,0.1689189189189189,0.0,1,0.0,0,0.0,0.0,0.0,64.02702702702703,8.501149322890425,20260128-134901_baseline_proxy_spoof_seed598856,baseline_proxy_spoof,3,1
10,50.0,55.0,140,28.0,136,4,0,8,0.1642857142857142,0.0,1,0.0,0,0.0,0.0,0.0,64.0,8.500420157682964,20260128-134901_baseline_proxy_spoof_seed598856,baseline_proxy_spoof,3,1
1,5.0,10.0,152,30.4,144,8,0,8,0.1578947368421052,0.0,1,0.0,0,0.0,0.0,0.0,63.578947368421055,8.477932900205552,20260128-135112_baseline_proxy_spoof_seed438178,baseline_proxy_spoof,3,1
2,10.0,15.0,148,29.6,144,4,0,8,0.1621621621621621,0.0,1,0.0,0,0.0,0.0,0.0,64.02702702702703,8.501149322890425,20260128-135112_baseline_proxy_spoof_seed438178,baseline_proxy_spoof,3,1
3,15.0,20.0,140,28.0,136,4,0,8,0.1714285714285714,0.0,1,0.0,0,0.0,0.0,0.0,64.0,8.500420157682964,20260128-135112_baseline_proxy_spoof_seed438178,baseline_proxy_spoof,3,1
4,20.0,25.0,136,27.2,136,0,0,8,0.1764705882352941,0.0,0,0.0,0,0.0,0.0,0.0,64.5,8.5,20260128-135112_baseline_proxy_spoof_seed438178,baseline_proxy_spoof,3,1
5,25.0,30.0,140,28.0,136,4,0,8,0.1642857142857142,0.0,1,0.0,0,0.0,0.0,0.0,64.0,8.500420157682964,20260128-135112_baseline_proxy_spoof_seed438178,baseline_proxy_spoof,3,1
6,30.0,35.0,152,30.4,144,8,0,8,0.1578947368421052,0.0,1,0.0,0,0.0,0.0,0.0,63.578947368421055,8.477932900205547,20260128-135112_baseline_proxy_spoof_seed438178,baseline_proxy_spoof,3,1
7,35.0,40.0,136,27.2,136,0,0,8,0.1838235294117647,0.0,0,0.0,0,0.0,0.0,0.0,64.5,8.5,20260128-135112_baseline_proxy_spoof_seed438178,baseline_proxy_spoof,3,1
8,40.0,45.0,148,29.6,144,4,0,8,0.1621621621621621,0.0,1,0.0,0,0.0,0.0,0.0,64.02702702702703,8.501149322890425,20260128-135112_baseline_proxy_spoof_seed438178,baseline_proxy_spoof,3,1
9,45.0,50.0,140,28.0,136,4,0,8,0.1714285714285714,0.0,1,0.0,0,0.0,0.0,0.0,64.0,8.500420157682964,20260128-135112_baseline_proxy_spoof_seed438178,baseline_proxy_spoof,3,1
10,50.0,55.0,136,27.2,136,0,0,8,0.1764705882352941,0.0,0,0.0,0,0.0,0.0,0.0,64.5,8.5,20260128-135112_baseline_proxy_spoof_seed438178,baseline_proxy_spoof,3,1
11,55.0,60.0,156,31.2,144,12,0,8,0.1474358974358974,0.0,1,0.0,0,0.0,0.0,0.0,63.15384615384615,8.43387085001857,20260128-135112_baseline_proxy_spoof_seed438178,baseline_proxy_spoof,3,1
1,5.0,10.0,152,30.4,144,8,0,8,0.1578947368421052,0.0,1,0.0,0,0.0,0.0,0.0,63.578947368421055,8.47793290020555,20260128-135217_baseline_proxy_spoof_seed425445,baseline_proxy_spoof,3,1
2,10.0,15.0,140,28.0,140,0,0,8,0.1785714285714285,0.0,0,0.0,0,0.0,0.0,0.0,64.5,8.5,20260128-135217_baseline_proxy_spoof_seed425445,baseline_proxy_spoof,3,1
3,15.0,20.0,164,32.8,152,12,0,8,0.1463414634146341,0.0,1,0.0,0,0.0,0.0,0.0,63.21951219512195,8.442090236838533,20260128-135217_baseline_proxy_spoof_seed425445,baseline_proxy_spoof,3,1
4,20.0,25.0,164,32.8,148,16,0,8,0.1463414634146341,0.0,1,0.0,0,0.0,0.0,0.0,62.79268292682927,8.379326774398255,20260128-135217_baseline_proxy_spoof_seed425445,baseline_proxy_spoof,3,1
5,25.0,30.0,144,28.8,140,4,0,8,0.1666666666666666,0.0,1,0.0,0,0.0,0.0,0.0,64.01388888888889,8.500805608155865,20260128-135217_baseline_proxy_spoof_seed425445,baseline_proxy_spoof,3,1
6,30.0,35.0,144,28.8,140,4,0,8,0.1666666666666666,0.0,1,0.0,0,0.0,0.0,0.0,64.01388888888889,8.500805608155865,20260128-135217_baseline_proxy_spoof_seed425445,baseline_proxy_spoof,3,1
7,35.0,40.0,152,30.4,144,8,0,8,0.1578947368421052,0.0,1,0.0,0,0.0,0.0,0.0,63.578947368421055,8.477932900205548,20260128-135217_baseline_proxy_spoof_seed425445,baseline_proxy_spoof,3,1
8,40.0,45.0,164,32.8,152,12,0,8,0.1524390243902439,0.0,1,0.0,0,0.0,0.0,0.0,63.21951219512195,8.442090236838535,20260128-135217_baseline_proxy_spoof_seed425445,baseline_proxy_spoof,3,1
9,45.0,50.0,132,26.4,132,0,0,8,0.1818181818181818,0.0,0,0.0,0,0.0,0.0,0.0,64.5,8.5,20260128-135217_baseline_proxy_spoof_seed425445,baseline_proxy_spoof,3,1
10,50.0,55.0,136,27.2,136,0,0,8,0.1764705882352941,0.0,0,0.0,0,0.0,0.0,0.0,64.5,8.5,20260128-135217_baseline_proxy_spoof_seed425445,baseline_proxy_spoof,3,1
1,5.0,10.0,144,28.8,140,4,0,8,0.1666666666666666,0.0,1,0.0,0,0.0,0.0,0.0,64.01388888888889,8.500805608155865,20260128-135322_baseline_proxy_spoof_seed779955,baseline_proxy_spoof,3,1
2,10.0,15.0,136,27.2,132,4,0,8,0.1691176470588235,0.0,1,0.0,0,0.0,0.0,0.0,63.98529411764706,8.499987278638958,20260128-135322_baseline_proxy_spoof_seed779955,baseline_proxy_spoof,3,1
3,15.0,20.0,140,28.0,140,0,0,8,0.1785714285714285,0.0,0,0.0,0,0.0,0.0,0.0,64.5,8.5,20260128-135322_baseline_proxy_spoof_seed779955,baseline_proxy_spoof,3,1
4,20.0,25.0,136,27.2,132,4,0,8,0.1691176470588235,0.0,1,0.0,0,0.0,0.0,0.0,63.98529411764706,8.499987278638958,20260128-135322_baseline_proxy_spoof_seed779955,baseline_proxy_spoof,3,1
5,25.0,30.0,140,28.0,140,0,0,8,0.1785714285714285,0.0,0,0.0,0,0.0,0.0,0.0,64.5,8.5,20260128-135322_baseline_proxy_spoof_seed779955,baseline_proxy_spoof,3,1
6,30.0,35.0,156,31.2,148,8,0,8,0.1538461538461538,0.0,1,0.0,0,0.0,0.0,0.0,63.6025641025641,8.47974924579328,20260128-135322_baseline_proxy_spoof_seed779955,baseline_proxy_spoof,3,1
7,35.0,40.0,152,30.4,144,8,0,8,0.1578947368421052,0.0,1,0.0,0,0.0,0.0,0.0,63.578947368421055,8.47793290020555,20260128-135322_baseline_proxy_spoof_seed779955,baseline_proxy_spoof,3,1
8,40.0,45.0,140,28.0,136,4,0,8,0.1714285714285714,0.0,1,0.0,0,0.0,0.0,0.0,64.0,8.500420157682964,20260128-135322_baseline_proxy_spoof_seed779955,baseline_proxy_spoof,3,1
9,45.0,50.0,148,29.6,144,4,0,8,0.1689189189189189,0.0,1,0.0,0,0.0,0.0,0.0,64.02702702702703,8.501149322890424,20260128-135322_baseline_proxy_spoof_seed779955,baseline_proxy_spoof,3,1
10,50.0,55.0,152,30.4,144,8,0,8,0.1578947368421052,0.0,1,0.0,0,0.0,0.0,0.0,63.578947368421055,8.47793290020555,20260128-135322_baseline_proxy_spoof_seed779955,baseline_proxy_spoof,3,1
11,55.0,60.0,144,28.8,136,8,0,8,0.1597222222222222,0.0,1,0.0,0,0.0,0.0,0.0,63.52777777777778,8.473770350358642,20260128-135322_baseline_proxy_spoof_seed779955,baseline_proxy_spoof,3,1
